origin,variant,crps,reliability,sharp80,sharp95,cover80,cover95,winkler95,mae,rmse,pinball95,hit_0.05,hit_0.1,hit_0.15,hit_0.2,hit_0.25,hit_0.3,hit_0.35,hit_0.4,hit_0.45,hit_0.5,hit_0.55,hit_0.6,hit_0.65,hit_0.7,hit_0.75,hit_0.8,hit_0.85,hit_0.9,hit_0.95
2026-04-10 23:00:00,calibrated,15.277009902158152,0.30701754385964913,113.87201405446872,186.8179114468619,0.7916666666666666,0.9166666666666666,217.15269682945691,42.25653061276697,53.143200096583605,5.9381713504524285,0.08333333333333333,0.20833333333333334,0.4583333333333333,0.7083333333333334,0.75,0.8333333333333334,0.875,0.875,0.875,0.9166666666666666,0.9166666666666666,0.9166666666666666,0.9583333333333334,0.9583333333333334,1.0,1.0,1.0,1.0,1.0
2026-04-10 23:00:00,raw,18.87934653734519,0.4100877192982456,82.39708153286377,110.38445192164379,0.2916666666666667,0.375,412.7674130434987,46.7724209542001,58.47956691507333,6.081855875642606,0.625,0.7083333333333334,0.75,0.875,0.875,0.875,0.9166666666666666,0.9166666666666666,0.9166666666666666,0.9166666666666666,0.9583333333333334,0.9583333333333334,1.0,1.0,1.0,1.0,1.0,1.0,1.0
2026-04-12 23:00:00,calibrated,15.293200854772174,0.16666666666666669,275.0126187683289,444.1184159740581,0.9583333333333334,1.0,444.1184159740581,26.656715393781997,55.190697957295136,8.01725328157357,0.0,0.0,0.0,0.0,0.0,0.0,0.0,0.08333333333333333,0.20833333333333334,0.3333333333333333,0.5833333333333334,0.75,0.875,0.875,0.9166666666666666,0.9166666666666666,0.9166666666666666,0.9583333333333334,1.0
2026-04-12 23:00:00,raw,11.668087870100898,0.1276315789473684,188.61685073149738,268.6133075274521,0.9583333333333334,1.0,268.6133075274521,25.735882965165704,50.34424445474924,4.909188410989908,0.0,0.0,0.0,0.0,0.041666666666666664,0.20833333333333334,0.2916666666666667,0.4166666666666667,0.625,0.625,0.7083333333333334,0.8333333333333334,0.875,0.875,0.9166666666666666,0.9166666666666666,0.9166666666666666,0.9583333333333334,1.0
2026-04-14 23:00:00,calibrated,46.97650589788845,0.39473684210526316,149.22022966766494,250.26458624026498,0.625,0.75,1132.0880069584714,110.8610782897626,252.8085494683728,43.09772191325518,0.0,0.0,0.0,0.0,0.0,0.0,0.0,0.0,0.0,0.0,0.0,0.0,0.0,0.0,0.08333333333333333,0.16666666666666666,0.375,0.625,0.75
2026-04-14 23:00:00,raw,40.65231650351819,0.31798245614035087,114.81506194898871,148.2508387990729,0.7916666666666666,0.8333333333333334,916.2248179522821,101.05983400029281,240.6817760893227,38.69153934344573,0.0,0.0,0.0,0.0,0.0,0.0,0.0,0.0,0.0,0.0,0.0,0.0,0.08333333333333333,0.20833333333333334,0.375,0.5,0.6666666666666666,0.7916666666666666,0.8333333333333334
2026-04-16 23:00:00,calibrated,21.418458212855867,0.14780701754385966,357.91050682342,584.4811093551222,1.0,1.0,584.4811093551222,47.65271987733714,91.97642810762625,8.902597620923531,0.0,0.0,0.0,0.0,0.041666666666666664,0.041666666666666664,0.20833333333333334,0.20833333333333334,0.20833333333333334,0.20833333333333334,0.25,0.375,0.5833333333333334,0.75,0.8333333333333334,0.8333333333333334,0.9166666666666666,1.0,1.0
2026-04-16 23:00:00,raw,16.027545791132418,0.13026315789473686,264.6725148460427,377.6508648525778,1.0,1.0,377.6508648525778,37.66609660541122,77.96538880051585,11.121722505728606,0.0,0.0,0.0,0.0,0.041666666666666664,0.20833333333333334,0.20833333333333334,0.25,0.25,0.3333333333333333,0.4583333333333333,0.625,0.7916666666666666,0.875,0.9166666666666666,0.9583333333333334,0.9583333333333334,1.0,1.0
2026-04-18 23:00:00,calibrated,48.733185213578,0.40350877192982454,195.73981767781984,341.65341239265194,0.5416666666666666,0.75,679.5214168259906,124.81659264856603,150.19615339492782,12.296674290030618,0.25,0.4583333333333333,0.75,0.8333333333333334,0.9166666666666666,0.9583333333333334,1.0,1.0,1.0,1.0,1.0,1.0,1.0,1.0,1.0,1.0,1.0,1.0,1.0
2026-04-18 23:00:00,raw,55.8556678448603,0.4890350877192983,154.71204529341534,210.67721628108168,0.0,0.20833333333333334,1172.055165881571,132.10508918318624,156.37182601188042,12.886403420587408,0.7916666666666666,1.0,1.0,1.0,1.0,1.0,1.0,1.0,1.0,1.0,1.0,1.0,1.0,1.0,1.0,1.0,1.0,1.0,1.0
2026-04-20 23:00:00,calibrated,13.217509082865599,0.21535087719298251,169.7887574195629,312.5058271691901,0.9583333333333334,0.9583333333333334,312.77473521214904,31.581565250831005,58.51126435958678,3.2240527691903984,0.0,0.0,0.0,0.0,0.0,0.0,0.0,0.08333333333333333,0.08333333333333333,0.16666666666666666,0.20833333333333334,0.25,0.3333333333333333,0.4166666666666667,0.5833333333333334,0.7083333333333334,0.7916666666666666,0.9583333333333334,0.9583333333333334
2026-04-20 23:00:00,raw,9.724723339042093,0.16666666666666669,119.92021747375958,180.83898744180695,1.0,1.0,180.83898744180695,25.71430565384814,51.647620469444846,4.799283300013731,0.0,0.0,0.0,0.0,0.0,0.041666666666666664,0.041666666666666664,0.125,0.16666666666666666,0.25,0.3333333333333333,0.4166666666666667,0.4166666666666667,0.625,0.7916666666666666,0.8333333333333334,0.9583333333333334,1.0,1.0
2026-04-22 23:00:00,calibrated,16.88025512990305,0.17982456140350878,178.98081550091797,329.32852449961956,0.75,0.9166666666666666,342.36266468405785,41.85331149727715,72.11806751811677,4.020903622794595,0.0,0.041666666666666664,0.041666666666666664,0.125,0.125,0.125,0.125,0.125,0.16666666666666666,0.20833333333333334,0.3333333333333333,0.375,0.375,0.4583333333333333,0.5,0.5833333333333334,0.6666666666666666,0.7916666666666666,0.9166666666666666
2026-04-22 23:00:00,raw,13.802148819320717,0.11885964912280701,126.32534945106265,170.6660920118105,0.7916666666666666,0.9166666666666666,215.68695274065556,39.168974845023314,66.17990033817696,5.0604573186448265,0.041666666666666664,0.08333333333333333,0.08333333333333333,0.125,0.125,0.125,0.125,0.125,0.25,0.3333333333333333,0.375,0.375,0.5,0.5416666666666666,0.625,0.8333333333333334,0.875,0.875,0.9583333333333334
2026-04-24 23:00:00,calibrated,29.199895115845482,0.20394736842105263,152.1511485043339,271.60086126668017,0.6666666666666666,0.7083333333333334,944.3833668920433,61.8281199420312,99.08303352430244,34.750865431335534,0.0,0.0,0.0,0.0,0.041666666666666664,0.08333333333333333,0.125,0.16666666666666666,0.20833333333333334,0.20833333333333334,0.3333333333333333,0.4166666666666667,0.4583333333333333,0.5,0.5416666666666666,0.5416666666666666,0.625,0.6666666666666666,0.7083333333333334
2026-04-24 23:00:00,raw,27.3315799728639,0.1885964912280702,103.99152419018488,154.49179944898492,0.6666666666666666,0.7083333333333334,752.7857291357897,60.561414653264954,97.8818876875786,32.271301031324164,0.0,0.0,0.041666666666666664,0.041666666666666664,0.041666666666666664,0.08333333333333333,0.16666666666666666,0.16666666666666666,0.20833333333333334,0.2916666666666667,0.4166666666666667,0.4166666666666667,0.4166666666666667,0.4583333333333333,0.5833333333333334,0.5833333333333334,0.625,0.6666666666666666,0.7083333333333334
2026-04-26 23:00:00,calibrated,23.74463175811674,0.14254385964912278,211.3651784069009,453.4973827518265,0.9166666666666666,0.9166666666666666,734.4736099888681,50.45701666415972,121.37813841430406,20.429955055533245,0.0,0.0,0.0,0.0,0.041666666666666664,0.25,0.375,0.5416666666666666,0.6666666666666666,0.7083333333333334,0.75,0.875,0.9166666666666666,0.9166666666666666,0.9166666666666666,0.9166666666666666,0.9166666666666666,0.9166666666666666,0.9166666666666666
2026-04-26 23:00:00,raw,21.774254677824462,0.1219298245614035,163.90559037459573,243.82397598251768,0.9166666666666666,0.9166666666666666,432.9921773659318,50.31744928125047,121.60950699248953,14.224646235405833,0.0,0.0,0.0,0.041666666666666664,0.20833333333333334,0.3333333333333333,0.4166666666666667,0.5416666666666666,0.5833333333333334,0.7083333333333334,0.7916666666666666,0.7916666666666666,0.875,0.875,0.9166666666666666,0.9166666666666666,0.9166666666666666,0.9166666666666666,0.9166666666666666
2026-04-28 23:00:00,calibrated,17.542782096614562,0.13464912280701755,277.3983426246371,580.5254280702401,1.0,1.0,580.5254280702401,41.31319770150697,72.06732712505324,9.843633276731913,0.0,0.0,0.041666666666666664,0.041666666666666664,0.041666666666666664,0.08333333333333333,0.125,0.16666666666666666,0.25,0.2916666666666667,0.375,0.4166666666666667,0.5,0.5833333333333334,0.7083333333333334,0.7916666666666666,0.875,1.0,1.0
2026-04-28 23:00:00,raw,15.829522783129677,0.12061403508771931,208.22775127333315,264.5346542661041,1.0,1.0,264.5346542661041,41.18640508612035,73.23722550397139,8.80005148216457,0.0,0.0,0.041666666666666664,0.041666666666666664,0.125,0.125,0.16666666666666666,0.20833333333333334,0.25,0.3333333333333333,0.4583333333333333,0.4583333333333333,0.4583333333333333,0.6666666666666666,0.6666666666666666,0.8333333333333334,0.9583333333333334,1.0,1.0
2026-04-30 23:00:00,calibrated,27.326829285236432,0.4078947368421052,129.32162599672264,285.60061967568,0.5833333333333334,0.9166666666666666,303.55279846283605,74.38251881331814,86.27028013856109,8.612437510430444,0.08333333333333333,0.4166666666666667,0.7916666666666666,0.9583333333333334,1.0,1.0,1.0,1.0,1.0,1.0,1.0,1.0,1.0,1.0,1.0,1.0,1.0,1.0,1.0
2026-04-30 23:00:00,raw,32.41936037844834,0.4912280701754386,102.44163635523266,142.179311457674,0.041666666666666664,0.125,860.9342600532883,75.71399066791498,87.88681896182149,8.886709592652489,0.875,0.9583333333333334,1.0,1.0,1.0,1.0,1.0,1.0,1.0,1.0,1.0,1.0,1.0,1.0,1.0,1.0,1.0,1.0,1.0
2026-05-02 23:00:00,calibrated,25.71491230355162,0.17982456140350878,160.4562750953859,300.66920305018465,0.7083333333333334,0.8333333333333334,485.45494939279416,64.02455619388604,92.35553954748184,9.143809528720247,0.16666666666666666,0.2916666666666667,0.3333333333333333,0.4166666666666667,0.4583333333333333,0.5,0.625,0.625,0.6666666666666666,0.7083333333333334,0.7083333333333334,0.7916666666666666,0.8333333333333334,0.8333333333333334,0.9583333333333334,1.0,1.0,1.0,1.0
2026-05-02 23:00:00,raw,26.756953739561983,0.22587719298245612,129.26991459910366,196.68192302467557,0.5833333333333334,0.8333333333333334,457.721728037181,66.3727659482698,95.14249182705423,8.766712784751334,0.16666666666666666,0.4166666666666667,0.4583333333333333,0.4583333333333333,0.5833333333333334,0.625,0.7083333333333334,0.7083333333333334,0.7083333333333334,0.7083333333333334,0.7916666666666666,0.8333333333333334,0.8333333333333334,0.875,0.9166666666666666,1.0,1.0,1.0,1.0
2026-05-04 23:00:00,calibrated,42.546799495223176,0.1298245614035088,107.53850648290762,209.47047004779597,0.875,0.875,1416.688223662003,88.47646739883287,260.17119836572033,60.22570810835594,0.0,0.0,0.0,0.0,0.0,0.041666666666666664,0.125,0.25,0.375,0.375,0.4166666666666667,0.6666666666666666,0.8333333333333334,0.875,0.875,0.875,0.875,0.875,0.875
2026-05-04 23:00:00,raw,40.40571343907187,0.12017543859649123,82.22223429639499,126.48207004315857,0.875,0.875,1221.0297083704613,87.07318596432923,257.76310386928395,54.72055845907649,0.0,0.0,0.0,0.0,0.0,0.041666666666666664,0.16666666666666666,0.3333333333333333,0.4166666666666667,0.4166666666666667,0.5833333333333334,0.75,0.875,0.875,0.875,0.875,0.875,0.875,0.875
2026-05-06 23:00:00,calibrated,34.960045815655334,0.12719298245614033,524.0353919282611,1017.1889259582648,0.9166666666666666,1.0,1017.1889259582648,92.70960302514489,135.69666023184197,21.67257798131493,0.0,0.0,0.0,0.0,0.08333333333333333,0.16666666666666666,0.2916666666666667,0.2916666666666667,0.2916666666666667,0.2916666666666667,0.3333333333333333,0.3333333333333333,0.4166666666666667,0.5416666666666666,0.75,0.875,0.9166666666666666,0.9166666666666666,1.0
2026-05-06 23:00:00,raw,33.11887457193868,0.0850877192982456,417.20009367783337,546.4026769933798,1.0,1.0,546.4026769933798,93.61721313458281,139.6156177074058,20.890155502549494,0.0,0.0,0.08333333333333333,0.25,0.2916666666666667,0.2916666666666667,0.2916666666666667,0.2916666666666667,0.2916666666666667,0.3333333333333333,0.375,0.4166666666666667,0.5416666666666666,0.7083333333333334,0.7916666666666666,0.875,0.9166666666666666,1.0,1.0
2026-05-08 23:00:00,calibrated,161.79930541082854,0.47149122807017546,96.15209394048742,187.70180049587933,0.08333333333333333,0.16666666666666666,5514.749411685948,338.03196171024393,487.6758592921761,253.2548863272003,0.0,0.0,0.0,0.0,0.0,0.0,0.0,0.0,0.0,0.0,0.041666666666666664,0.041666666666666664,0.041666666666666664,0.041666666666666664,0.041666666666666664,0.041666666666666664,0.041666666666666664,0.08333333333333333,0.16666666666666666
2026-05-08 23:00:00,raw,158.78327012391978,0.47368421052631576,80.71886386800837,125.09747061631053,0.08333333333333333,0.125,5171.426798274839,338.01442628297553,487.65796757602783,239.87149885812462,0.0,0.0,0.0,0.0,0.0,0.0,0.0,0.0,0.0,0.0,0.041666666666666664,0.041666666666666664,0.041666666666666664,0.041666666666666664,0.041666666666666664,0.041666666666666664,0.041666666666666664,0.08333333333333333,0.125
2026-05-10 23:00:00,calibrated,43.55877025284761,0.23114035087719298,743.9269768137859,1860.4892586067642,0.9583333333333334,1.0,1860.4892586067642,100.02262229761952,130.26488722488793,62.24910585900572,0.0,0.041666666666666664,0.125,0.20833333333333334,0.375,0.4583333333333333,0.5416666666666666,0.875,1.0,1.0,1.0,1.0,1.0,1.0,1.0,1.0,1.0,1.0,1.0
2026-05-10 23:00:00,raw,40.78117314003356,0.26315789473684204,511.46552573572325,706.5084138484108,0.7083333333333334,0.7916666666666666,874.7828908503365,91.86913417806488,121.75707684798459,29.784778848900885,0.20833333333333334,0.2916666666666667,0.3333333333333333,0.375,0.4583333333333333,0.5,0.5833333333333334,0.8333333333333334,0.9166666666666666,1.0,1.0,1.0,1.0,1.0,1.0,1.0,1.0,1.0,1.0
2026-05-12 23:00:00,calibrated,10.710770562337169,0.29912280701754385,165.63233227569353,412.97860977114595,1.0,1.0,412.97860977114595,26.9516862123303,30.77886153678616,14.162087465885492,0.0,0.0,0.08333333333333333,0.375,0.7083333333333334,0.8333333333333334,0.9166666666666666,0.9583333333333334,0.9583333333333334,0.9583333333333334,0.9583333333333334,1.0,1.0,1.0,1.0,1.0,1.0,1.0,1.0
2026-05-12 23:00:00,raw,10.707616890027358,0.34868421052631576,113.53159970532884,145.46805862667796,0.7083333333333334,0.9166666666666666,154.8765084287326,27.4884110801399,31.49895897793486,6.428332955864641,0.08333333333333333,0.2916666666666667,0.5,0.75,0.8333333333333334,0.875,0.9166666666666666,0.9583333333333334,0.9583333333333334,0.9583333333333334,1.0,1.0,1.0,1.0,1.0,1.0,1.0,1.0,1.0
2026-05-14 23:00:00,calibrated,24.459897060024467,0.09210526315789473,38.945520734817684,94.41128207928996,0.5833333333333334,0.75,615.2492602051316,54.407243379639176,158.256825248908,26.60399135020062,0.16666666666666666,0.25,0.2916666666666667,0.3333333333333333,0.375,0.4583333333333333,0.5,0.5,0.5416666666666666,0.5416666666666666,0.5416666666666666,0.5416666666666666,0.625,0.625,0.6666666666666666,0.7083333333333334,0.75,0.8333333333333334,0.9166666666666666
2026-05-14 23:00:00,raw,24.683821447559783,0.10307017543859648,28.365394221831206,42.14597912375785,0.5,0.7083333333333334,755.5780229802155,54.27392730501458,157.5052506165913,34.41213446351373,0.20833333333333334,0.25,0.375,0.4166666666666667,0.4166666666666667,0.4583333333333333,0.4583333333333333,0.5416666666666666,0.5416666666666666,0.5416666666666666,0.5416666666666666,0.5416666666666666,0.5833333333333334,0.6666666666666666,0.75,0.75,0.75,0.75,0.9166666666666666
2026-05-16 23:00:00,calibrated,67.00451842241154,0.07982456140350878,310.9931987738534,780.6607071646437,0.5833333333333334,0.8333333333333334,961.2211071446554,168.15131946111873,263.97833774107767,21.611812411063227,0.16666666666666666,0.20833333333333334,0.20833333333333334,0.25,0.25,0.25,0.2916666666666667,0.3333333333333333,0.375,0.375,0.4166666666666667,0.4166666666666667,0.5833333333333334,0.6666666666666666,0.7083333333333334,0.7083333333333334,0.75,0.7916666666666666,1.0
2026-05-16 23:00:00,raw,66.2486052122064,0.0675438596491228,213.99296814204217,323.7890655463181,0.5416666666666666,0.625,1158.2659120391743,162.36269715290396,256.5659287175891,29.08852751698358,0.20833333333333334,0.25,0.25,0.25,0.25,0.3333333333333333,0.375,0.375,0.375,0.4166666666666667,0.4583333333333333,0.5833333333333334,0.625,0.6666666666666666,0.7083333333333334,0.75,0.75,0.7916666666666666,0.8333333333333334
2026-05-18 23:00:00,calibrated,100.19895483224047,0.13201754385964914,1338.4146607738903,3066.061973589281,1.0,1.0,3066.061973589281,255.87191435116537,552.3159971075441,91.8690089186728,0.0,0.0,0.0,0.041666666666666664,0.041666666666666664,0.125,0.20833333333333334,0.4166666666666667,0.5833333333333334,0.75,0.75,0.7916666666666666,0.7916666666666666,0.8333333333333334,0.875,0.875,0.9583333333333334,1.0,1.0
2026-05-18 23:00:00,raw,87.4841763039184,0.09605263157894736,816.9910353164468,1061.0995231949717,0.9166666666666666,0.9166666666666666,1086.329438830848,255.60967996907155,547.5387043947135,30.57144361636899,0.08333333333333333,0.08333333333333333,0.125,0.125,0.20833333333333334,0.2916666666666667,0.3333333333333333,0.5416666666666666,0.625,0.75,0.75,0.7916666666666666,0.7916666666666666,0.8333333333333334,0.8333333333333334,0.875,0.9166666666666666,1.0,1.0
2026-05-20 23:00:00,calibrated,82.1738009243289,0.15350877192982454,1465.018022112867,3578.3727305943735,1.0,1.0,3578.3727305943735,185.54863957985745,264.7083521436494,121.56181545443683,0.0,0.0,0.0,0.08333333333333333,0.16666666666666666,0.4166666666666667,0.4583333333333333,0.5,0.6666666666666666,0.75,0.7916666666666666,0.7916666666666666,0.9166666666666666,0.9583333333333334,0.9583333333333334,0.9583333333333334,1.0,1.0,1.0
2026-05-20 23:00:00,raw,88.15046571004217,0.17982456140350878,999.6715481734813,1406.8957961150657,0.8333333333333334,0.9166666666666666,1534.5538951218678,210.48811824189025,299.4744752293507,55.4362337606784,0.08333333333333333,0.16666666666666666,0.20833333333333334,0.2916666666666667,0.4166666666666667,0.4166666666666667,0.5,0.6666666666666666,0.75,0.7916666666666666,0.875,0.9166666666666666,0.9166666666666666,0.9583333333333334,0.9583333333333334,1.0,1.0,1.0,1.0
2026-05-22 23:00:00,calibrated,69.67381890084708,0.13903508771929823,420.0304186132759,1049.0987864170804,0.7083333333333334,1.0,1049.0987864170804,178.51047925641242,293.5115705581625,27.64743249903981,0.0,0.041666666666666664,0.08333333333333333,0.125,0.16666666666666666,0.16666666666666666,0.16666666666666666,0.3333333333333333,0.3333333333333333,0.375,0.375,0.375,0.4583333333333333,0.5,0.5416666666666666,0.5416666666666666,0.625,0.75,1.0
2026-05-22 23:00:00,raw,68.55357278884846,0.13157894736842105,300.4946001007157,430.0261446448406,0.7083333333333334,0.875,826.8558295932274,174.96765527011374,283.34932179723467,27.506642597076517,0.0,0.041666666666666664,0.08333333333333333,0.125,0.16666666666666666,0.16666666666666666,0.16666666666666666,0.2916666666666667,0.2916666666666667,0.375,0.4166666666666667,0.5,0.5416666666666666,0.5416666666666666,0.5416666666666666,0.5416666666666666,0.5833333333333334,0.75,0.875
2026-05-24 23:00:00,calibrated,29.11825625732893,0.21929824561403505,558.267760841072,1288.5734667578542,1.0,1.0,1288.5734667578542,62.560715500946685,90.22106061834126,45.06396134103948,0.0,0.0,0.0,0.041666666666666664,0.2916666666666667,0.4583333333333333,0.5833333333333334,0.7083333333333334,0.8333333333333334,0.875,0.9583333333333334,1.0,1.0,1.0,1.0,1.0,1.0,1.0,1.0
2026-05-24 23:00:00,raw,27.79591179380839,0.20657894736842106,369.0876146337043,608.0679021512524,0.9166666666666666,0.9583333333333334,614.5441318440161,71.99139718132813,102.45234682465703,24.41309849477705,0.041666666666666664,0.08333333333333333,0.16666666666666666,0.20833333333333334,0.4166666666666667,0.5,0.625,0.7083333333333334,0.75,0.9583333333333334,0.9583333333333334,0.9583333333333334,1.0,1.0,1.0,1.0,1.0,1.0,1.0
2026-05-26 23:00:00,calibrated,13.397105065161277,0.08859649122807019,162.40699332965826,393.69957732284973,0.9166666666666666,0.9583333333333334,403.8098160102754,31.24855131255849,83.52288028033507,12.571368420373318,0.041666666666666664,0.041666666666666664,0.041666666666666664,0.041666666666666664,0.16666666666666666,0.25,0.2916666666666667,0.3333333333333333,0.5,0.5833333333333334,0.7083333333333334,0.75,0.75,0.75,0.875,0.9583333333333334,0.9583333333333334,0.9583333333333334,1.0
2026-05-26 23:00:00,raw,12.156904343437091,0.13464912280701755,115.0202165401555,145.7452768875376,0.9166666666666666,0.9583333333333334,179.2410137846373,33.66103372242573,80.33302060788331,5.015933662614018,0.041666666666666664,0.08333333333333333,0.125,0.20833333333333334,0.375,0.4583333333333333,0.5,0.625,0.625,0.75,0.75,0.75,0.8333333333333334,0.9583333333333334,0.9583333333333334,0.9583333333333334,0.9583333333333334,1.0,1.0
2026-05-28 23:00:00,calibrated,18.793322586169285,0.3206140350877193,210.31587820616429,508.7409350446813,0.9583333333333334,1.0,508.7409350446813,54.33407208958414,72.1007509415411,13.964730755518934,0.0,0.0,0.0,0.0,0.0,0.0,0.0,0.0,0.0,0.0,0.0,0.0,0.0,0.125,0.3333333333333333,0.5,0.7083333333333334,0.9583333333333334,1.0
2026-05-28 23:00:00,raw,14.724973246095738,0.27850877192982454,147.36239953918707,200.82001129700845,0.7916666666666666,0.875,253.05185734094945,42.86318011591288,58.143381718605696,6.943611910558893,0.0,0.0,0.0,0.0,0.0,0.0,0.0,0.0,0.0,0.0,0.041666666666666664,0.08333333333333333,0.125,0.3333333333333333,0.4583333333333333,0.75,0.75,0.7916666666666666,0.875
2026-05-30 23:00:00,calibrated,53.328774736685006,0.3206140350877193,698.8674480806735,1694.2343271965103,0.9583333333333334,1.0,1694.2343271965103,134.96955326030618,155.53030271292107,66.03786323697362,0.0,0.041666666666666664,0.25,0.5833333333333334,0.7916666666666666,0.9166666666666666,0.9166666666666666,0.9583333333333334,0.9583333333333334,0.9583333333333334,1.0,1.0,1.0,1.0,1.0,1.0,1.0,1.0,1.0
2026-05-30 23:00:00,raw,59.71824329830454,0.38377192982456143,532.3527039409636,712.510046959124,0.7083333333333334,0.875,822.2260709245975,156.94903468436004,179.32452234299862,31.955692557864452,0.125,0.2916666666666667,0.7916666666666666,0.875,0.9166666666666666,0.9166666666666666,0.9583333333333334,0.9583333333333334,0.9583333333333334,1.0,1.0,1.0,1.0,1.0,1.0,1.0,1.0,1.0,1.0
2026-06-01 23:00:00,calibrated,54.446304690125245,0.26096491228070173,249.32419319711312,602.6688610152802,0.625,0.9166666666666666,626.6008094708294,136.6647867995919,233.14583388515763,16.473220285635104,0.0,0.0,0.0,0.041666666666666664,0.041666666666666664,0.08333333333333333,0.08333333333333333,0.16666666666666666,0.20833333333333334,0.20833333333333334,0.20833333333333334,0.25,0.25,0.25,0.3333333333333333,0.375,0.5,0.625,0.9166666666666666
2026-06-01 23:00:00,raw,54.454177340953116,0.27631578947368424,189.36719236080765,255.9311014892106,0.5416666666666666,0.625,1112.0061034705277,130.73001971627812,222.0163010763641,46.370268901580744,0.0,0.0,0.0,0.0,0.041666666666666664,0.125,0.16666666666666666,0.20833333333333334,0.20833333333333334,0.25,0.25,0.25,0.25,0.25,0.25,0.375,0.4583333333333333,0.5416666666666666,0.625
2026-06-03 23:00:00,calibrated,37.072744983767805,0.19605263157894734,763.3446571702143,1585.1730010895317,0.9583333333333334,1.0,1585.1730010895317,78.20195757581934,92.92280725632476,61.12957665672051,0.0,0.041666666666666664,0.08333333333333333,0.25,0.375,0.5416666666666666,0.7083333333333334,0.75,0.8333333333333334,0.8333333333333334,0.8333333333333334,0.875,0.9166666666666666,0.9166666666666666,0.9166666666666666,1.0,1.0,1.0,1.0
2026-06-03 23:00:00,raw,38.356949585753554,0.25438596491228066,479.8016970106078,665.8094510616771,0.875,0.9166666666666666,703.8027009141442,90.39170528926955,105.35494079853966,24.87701512220708,0.08333333333333333,0.125,0.25,0.4583333333333333,0.6666666666666666,0.7083333333333334,0.8333333333333334,0.8333333333333334,0.8333333333333334,0.875,0.9166666666666666,0.9166666666666666,0.9166666666666666,0.9166666666666666,1.0,1.0,1.0,1.0,1.0
2026-06-05 23:00:00,calibrated,35.18499045207157,0.07280701754385965,435.7455312590105,951.9981825099449,0.9166666666666666,0.9583333333333334,954.6994120268952,90.314664388771,130.4710091343621,35.29002878685484,0.041666666666666664,0.041666666666666664,0.20833333333333334,0.2916666666666667,0.4583333333333333,0.4583333333333333,0.4583333333333333,0.5,0.5416666666666666,0.5416666666666666,0.5833333333333334,0.5833333333333334,0.625,0.75,0.8333333333333334,0.875,0.9166666666666666,0.9583333333333334,1.0
2026-06-05 23:00:00,raw,37.65882430777123,0.10307017543859649,317.63040369143124,436.4652751695225,0.8333333333333334,0.8333333333333334,603.8305973530804,101.65449202050051,155.55736242258348,19.989542098707076,0.125,0.125,0.25,0.3333333333333333,0.375,0.4583333333333333,0.5416666666666666,0.5416666666666666,0.5416666666666666,0.5833333333333334,0.6666666666666666,0.6666666666666666,0.7083333333333334,0.875,0.875,0.9166666666666666,0.9583333333333334,0.9583333333333334,0.9583333333333334
2026-06-07 23:00:00,calibrated,15.335284528980031,0.15219298245614035,336.3035992159293,755.4583113373327,0.9583333333333334,1.0,755.4583113373327,19.45705896722444,29.78547534208659,27.505653688257947,0.0,0.041666666666666664,0.08333333333333333,0.125,0.20833333333333334,0.20833333333333334,0.2916666666666667,0.3333333333333333,0.5833333333333334,0.7083333333333334,0.875,0.9583333333333334,0.9583333333333334,1.0,1.0,1.0,1.0,1.0,1.0
2026-06-07 23:00:00,raw,15.773394586566203,0.22675438596491224,255.42995867234697,400.1751302286927,0.9583333333333334,1.0,400.1751302286927,36.5336404071568,40.55163574870442,12.660037255806126,0.0,0.041666666666666664,0.08333333333333333,0.20833333333333334,0.2916666666666667,0.5,0.7083333333333334,0.8333333333333334,0.9166666666666666,0.9583333333333334,0.9583333333333334,0.9583333333333334,1.0,1.0,1.0,1.0,1.0,1.0,1.0
2026-06-09 23:00:00,calibrated,9.3461868521618,0.07192982456140351,57.74270255255103,128.80381620311462,0.625,1.0,128.80381620311462,24.30542073581009,46.540427203444246,3.889706667602738,0.0,0.20833333333333334,0.20833333333333334,0.25,0.25,0.3333333333333333,0.4166666666666667,0.4166666666666667,0.4583333333333333,0.4583333333333333,0.4583333333333333,0.4583333333333333,0.5416666666666666,0.625,0.625,0.6666666666666666,0.7083333333333334,0.8333333333333334,1.0
2026-06-09 23:00:00,raw,9.113582517201145,0.09561403508771929,43.55019060067133,65.8657607740902,0.5833333333333334,0.6666666666666666,146.2243480972758,22.593566062702006,42.669439025259294,4.58261144705753,0.16666666666666666,0.16666666666666666,0.2916666666666667,0.375,0.4166666666666667,0.4166666666666667,0.4583333333333333,0.4583333333333333,0.5,0.5416666666666666,0.5833333333333334,0.5833333333333334,0.625,0.625,0.625,0.7083333333333334,0.7083333333333334,0.75,0.8333333333333334
2026-06-11 23:00:00,calibrated,26.178147186323397,0.11929824561403508,542.147015277713,1080.843490875269,1.0,1.0,1080.843490875269,52.50249874558532,79.30631934651284,42.92838010617899,0.0,0.0,0.041666666666666664,0.041666666666666664,0.20833333333333334,0.25,0.25,0.2916666666666667,0.4583333333333333,0.5833333333333334,0.6666666666666666,0.7083333333333334,0.9166666666666666,0.9583333333333334,0.9583333333333334,1.0,1.0,1.0,1.0
2026-06-11 23:00:00,raw,30.70354514763835,0.16885964912280702,399.5985637241197,566.3857534099023,0.7916666666666666,0.9166666666666666,583.0671327986612,61.10325121567403,91.17889205372656,22.068341269110586,0.08333333333333333,0.20833333333333334,0.25,0.25,0.3333333333333333,0.4166666666666667,0.4583333333333333,0.625,0.6666666666666666,0.7083333333333334,0.875,0.9166666666666666,0.9583333333333334,0.9583333333333334,1.0,1.0,1.0,1.0,1.0
2026-06-13 23:00:00,calibrated,45.66847310304823,0.4057017543859649,422.356606755973,827.1210990479016,0.3333333333333333,0.5833333333333334,1062.557468600571,110.35030421344192,132.79535672862073,39.364326672215505,0.4166666666666667,0.6666666666666666,0.7916666666666666,0.875,0.9166666666666666,0.9166666666666666,0.9583333333333334,0.9583333333333334,0.9583333333333334,0.9583333333333334,0.9583333333333334,0.9583333333333334,0.9583333333333334,0.9583333333333334,0.9583333333333334,1.0,1.0,1.0,1.0
2026-06-13 23:00:00,raw,50.80618426969353,0.418859649122807,321.7276286550443,440.92499497810127,0.4166666666666667,0.5,756.6400646965149,140.56571300998255,171.46376223365846,21.017519934776214,0.5,0.5833333333333334,0.8333333333333334,0.9583333333333334,0.9583333333333334,0.9583333333333334,0.9583333333333334,0.9583333333333334,0.9583333333333334,0.9583333333333334,0.9583333333333334,0.9583333333333334,0.9583333333333334,0.9583333333333334,1.0,1.0,1.0,1.0,1.0
2026-06-15 23:00:00,calibrated,75.48578618785001,0.18991228070175442,369.63256858511687,691.5676522929626,0.9166666666666666,0.9583333333333334,1091.5953610630947,192.79578131002003,475.004443020126,37.58506398457876,0.0,0.0,0.0,0.0,0.0,0.0,0.0,0.0,0.08333333333333333,0.08333333333333333,0.16666666666666666,0.20833333333333334,0.5,0.7083333333333334,0.7916666666666666,0.7916666666666666,0.8333333333333334,0.9166666666666666,0.9583333333333334
2026-06-15 23:00:00,raw,69.88101574509058,0.10833333333333335,280.69775640401684,372.89662550577896,0.8333333333333334,0.875,1472.871079084345,170.6556350304045,437.54217549231976,59.63049583252161,0.0,0.0,0.0,0.041666666666666664,0.125,0.125,0.125,0.20833333333333334,0.20833333333333334,0.375,0.4166666666666667,0.625,0.7083333333333334,0.7916666666666666,0.7916666666666666,0.7916666666666666,0.8333333333333334,0.8333333333333334,0.875
2026-06-17 23:00:00,calibrated,122.04508658895264,0.34210526315789475,562.8225011422987,1097.8368200621733,0.5416666666666666,0.875,1663.9445105890761,311.72225031104375,419.6466304722451,56.57455321806236,0.0,0.0,0.0,0.0,0.0,0.0,0.0,0.0,0.08333333333333333,0.08333333333333333,0.08333333333333333,0.08333333333333333,0.16666666666666666,0.16666666666666666,0.20833333333333334,0.2916666666666667,0.4166666666666667,0.5416666666666666,0.875
2026-06-17 23:00:00,raw,116.31400535227955,0.3157894736842105,422.95607724227176,587.5849048830008,0.5,0.5833333333333334,2354.7237860593336,282.25244913136237,384.66565416370923,95.85186376906013,0.0,0.0,0.0,0.0,0.041666666666666664,0.08333333333333333,0.08333333333333333,0.08333333333333333,0.08333333333333333,0.16666666666666666,0.16666666666666666,0.16666666666666666,0.20833333333333334,0.20833333333333334,0.2916666666666667,0.375,0.4583333333333333,0.5,0.5833333333333334
2026-06-19 23:00:00,calibrated,83.17585586647469,0.3684210526315789,470.9984631979132,818.14145853754,0.375,0.625,1870.5662819442616,199.9195637112022,253.89261778285,39.475307791341926,0.375,0.625,0.75,0.7916666666666666,0.7916666666666666,0.7916666666666666,0.875,0.875,0.9166666666666666,0.9166666666666666,0.9583333333333334,0.9583333333333334,0.9583333333333334,0.9583333333333334,0.9583333333333334,1.0,1.0,1.0,1.0
2026-06-19 23:00:00,raw,101.22723070261122,0.418859649122807,416.64166488620975,555.5023939816996,0.25,0.375,1946.5598197332972,245.95099741082197,316.88388428913817,30.308315166853614,0.625,0.75,0.8333333333333334,0.8333333333333334,0.875,0.875,0.875,0.9583333333333334,0.9583333333333334,0.9583333333333334,0.9583333333333334,0.9583333333333334,1.0,1.0,1.0,1.0,1.0,1.0,1.0
2026-06-21 23:00:00,calibrated,42.60672251966999,0.23684210526315785,242.0111354901343,439.9712649362209,0.7083333333333334,0.875,888.4675616557925,104.04374741181455,210.20517837638087,35.22520899907945,0.041666666666666664,0.20833333333333334,0.375,0.4583333333333333,0.5833333333333334,0.75,0.8333333333333334,0.875,0.875,0.875,0.875,0.875,0.875,0.875,0.875,0.9166666666666666,0.9166666666666666,0.9166666666666666,0.9166666666666666
2026-06-21 23:00:00,raw,44.978002193612205,0.2710526315789473,200.7106344171624,325.4969015781079,0.5833333333333334,0.75,628.3436841873274,118.36665977780619,204.48079445593982,22.816289473276157,0.16666666666666666,0.3333333333333333,0.4583333333333333,0.5416666666666666,0.6666666666666666,0.875,0.875,0.875,0.875,0.875,0.875,0.875,0.875,0.875,0.875,0.9166666666666666,0.9166666666666666,0.9166666666666666,0.9166666666666666
2026-06-23 23:00:00,calibrated,16.62421499327581,0.16535087719298244,357.5309486459243,638.6286726653534,1.0,1.0,638.6286726653534,29.982165009654306,54.90731826820097,20.92044289707564,0.0,0.0,0.041666666666666664,0.041666666666666664,0.041666666666666664,0.125,0.16666666666666666,0.2916666666666667,0.5,0.625,0.7916666666666666,0.9166666666666666,0.9583333333333334,0.9583333333333334,1.0,1.0,1.0,1.0,1.0
2026-06-23 23:00:00,raw,19.28653128081145,0.23464912280701752,284.66475946920633,361.25034488719547,0.9166666666666666,0.9166666666666666,394.92853753718055,42.25988215483472,50.95448775488786,13.47750445299186,0.08333333333333333,0.08333333333333333,0.08333333333333333,0.2916666666666667,0.3333333333333333,0.5,0.7916666666666666,0.9166666666666666,0.9166666666666666,0.9166666666666666,0.9583333333333334,0.9583333333333334,0.9583333333333334,1.0,1.0,1.0,1.0,1.0,1.0
2026-06-25 23:00:00,calibrated,21.194138751750796,0.21491228070175436,414.76139263141204,759.063213181469,1.0,1.0,759.063213181469,46.54255325301671,61.64440878017877,23.894245445384957,0.0,0.0,0.0,0.0,0.0,0.0,0.0,0.041666666666666664,0.08333333333333333,0.16666666666666666,0.16666666666666666,0.20833333333333334,0.4583333333333333,0.5416666666666666,0.7083333333333334,0.9583333333333334,1.0,1.0,1.0
2026-06-25 23:00:00,raw,19.08627835586659,0.1149122807017544,361.7258579466721,520.1905649214588,1.0,1.0,520.1905649214588,27.90692731341927,34.90624337961799,18.00729486701677,0.0,0.0,0.0,0.0,0.08333333333333333,0.16666666666666666,0.16666666666666666,0.20833333333333334,0.3333333333333333,0.4583333333333333,0.5,0.625,0.6666666666666666,0.8333333333333334,0.875,1.0,1.0,1.0,1.0
2026-06-27 23:00:00,calibrated,39.87856577109018,0.19166666666666665,234.7551081655902,417.8435796705944,0.5833333333333334,0.6666666666666666,1042.2162962703685,96.874636665092,117.02818472392603,18.528392447706278,0.3333333333333333,0.375,0.4583333333333333,0.5833333333333334,0.625,0.6666666666666666,0.6666666666666666,0.6666666666666666,0.7083333333333334,0.7083333333333334,0.7083333333333334,0.7083333333333334,0.7083333333333334,0.75,0.75,0.75,0.9166666666666666,0.9583333333333334,1.0
2026-06-27 23:00:00,raw,46.86121041399624,0.2521929824561404,215.40179539940132,377.4612021966453,0.3333333333333333,0.5416666666666666,1002.0351257557435,114.90554903671763,143.037842223095,19.631598696065456,0.4166666666666667,0.625,0.6666666666666666,0.6666666666666666,0.7083333333333334,0.7083333333333334,0.7083333333333334,0.7083333333333334,0.7083333333333334,0.7083333333333334,0.75,0.75,0.75,0.8333333333333334,0.8333333333333334,0.875,0.9583333333333334,0.9583333333333334,0.9583333333333334
2026-06-29 23:00:00,calibrated,29.023460671572373,0.20833333333333337,450.37688172937914,834.2656040628857,1.0,1.0,834.2656040628857,77.0833493080424,119.49427574653667,26.179585876681283,0.0,0.0,0.0,0.041666666666666664,0.041666666666666664,0.08333333333333333,0.08333333333333333,0.08333333333333333,0.08333333333333333,0.125,0.125,0.20833333333333334,0.3333333333333333,0.4583333333333333,0.625,0.8333333333333334,0.9166666666666666,1.0,1.0
2026-06-29 23:00:00,raw,25.215987686366358,0.11228070175438598,391.8454916494523,523.3621500906637,1.0,1.0,523.3621500906637,69.36258680280288,141.60905419141255,20.075248977818855,0.0,0.0,0.041666666666666664,0.041666666666666664,0.08333333333333333,0.16666666666666666,0.25,0.25,0.2916666666666667,0.375,0.4583333333333333,0.5,0.6666666666666666,0.75,0.9166666666666666,0.9583333333333334,1.0,1.0,1.0
2026-07-01 23:00:00,calibrated,15.760109570650265,0.2618421052631579,223.92480281753032,414.7920740733777,0.8333333333333334,1.0,414.7920740733777,39.21584995330763,53.84730476404204,15.561354752179506,0.0,0.16666666666666666,0.2916666666666667,0.4583333333333333,0.5416666666666666,0.6666666666666666,0.75,0.875,0.875,0.9166666666666666,0.9166666666666666,0.9166666666666666,1.0,1.0,1.0,1.0,1.0,1.0,1.0
2026-07-01 23:00:00,raw,23.356576895465235,0.39473684210526316,194.823331330015,255.68621571568323,0.4583333333333333,0.75,344.90730612501324,60.29436780802745,84.32684391429778,12.121733057517703,0.25,0.5416666666666666,0.7916666666666666,0.8333333333333334,0.9166666666666666,0.9166666666666666,0.9166666666666666,0.9166666666666666,0.9166666666666666,1.0,1.0,1.0,1.0,1.0,1.0,1.0,1.0,1.0,1.0
2026-07-03 23:00:00,calibrated,11.44461422333417,0.08070175438596491,66.3124355291958,126.90309330332916,0.6666666666666666,0.875,194.84812164864738,28.79825632521838,43.71605835362698,6.629243078265233,0.0,0.08333333333333333,0.20833333333333334,0.25,0.2916666666666667,0.3333333333333333,0.3333333333333333,0.375,0.4166666666666667,0.4583333333333333,0.4583333333333333,0.5,0.5833333333333334,0.5833333333333334,0.5833333333333334,0.625,0.625,0.75,0.875
2026-07-03 23:00:00,raw,11.064959237097352,0.09868421052631578,66.83075921516645,86.40165860362283,0.5833333333333334,0.8333333333333334,160.98528985670603,28.653182329547974,42.58513407239132,6.232320947217747,0.041666666666666664,0.20833333333333334,0.375,0.375,0.4166666666666667,0.4583333333333333,0.4583333333333333,0.5416666666666666,0.5416666666666666,0.5833333333333334,0.5833333333333334,0.5833333333333334,0.625,0.625,0.625,0.7083333333333334,0.7916666666666666,0.7916666666666666,0.875
2026-07-05 23:00:00,calibrated,83.42063110263368,0.41008771929824556,188.3786836604884,350.9886260180265,0.5416666666666666,0.7083333333333334,1601.3116158135765,203.2191419582983,314.5621443710851,64.16845915731754,0.0,0.0,0.0,0.0,0.0,0.0,0.0,0.0,0.0,0.0,0.0,0.0,0.0,0.0,0.08333333333333333,0.08333333333333333,0.2916666666666667,0.5416666666666666,0.7083333333333334
2026-07-05 23:00:00,raw,78.44485446041887,0.45833333333333337,167.86080553051633,263.52911063481184,0.20833333333333334,0.2916666666666667,1884.339167774812,179.7011276201889,294.7802269704443,77.70981324846066,0.0,0.0,0.0,0.0,0.0,0.0,0.0,0.0,0.0,0.0,0.0,0.0,0.0,0.0,0.0,0.125,0.16666666666666666,0.20833333333333334,0.2916666666666667
2026-07-07 23:00:00,calibrated,19.18237313385573,0.19824561403508772,417.63305757160197,761.9003917914029,1.0,1.0,761.9003917914029,25.5306840333016,43.00271119728732,26.026825474338768,0.0,0.0,0.0,0.0,0.041666666666666664,0.041666666666666664,0.041666666666666664,0.08333333333333333,0.125,0.25,0.5,0.7916666666666666,0.9583333333333334,1.0,1.0,1.0,1.0,1.0,1.0
2026-07-07 23:00:00,raw,19.6139173715694,0.1763157894736842,340.7273442453594,462.63112377351825,0.9583333333333334,1.0,462.63112377351825,40.98351012216144,75.0442158114551,16.630185153753487,0.0,0.041666666666666664,0.041666666666666664,0.08333333333333333,0.125,0.20833333333333334,0.375,0.5,0.75,0.7916666666666666,0.9166666666666666,0.9166666666666666,1.0,1.0,1.0,1.0,1.0,1.0,1.0
2026-07-09 23:00:00,calibrated,128.88034228229216,0.20394736842105263,342.9012072784358,628.2322420119964,0.6666666666666666,0.7916666666666666,1783.6870841076895,308.1367934120247,680.1296303158812,64.66019576934058,0.0,0.0,0.0,0.0,0.08333333333333333,0.08333333333333333,0.20833333333333334,0.20833333333333334,0.20833333333333334,0.2916666666666667,0.2916666666666667,0.375,0.4583333333333333,0.4583333333333333,0.4583333333333333,0.5,0.5416666666666666,0.6666666666666666,0.7916666666666666
2026-07-09 23:00:00,raw,120.3591307949142,0.12631578947368424,280.94998466500437,383.79304478206,0.5833333333333334,0.75,2627.0531400312907,292.8361451076703,637.8181896557902,112.71928326619665,0.0,0.0,0.08333333333333333,0.20833333333333334,0.25,0.25,0.375,0.375,0.375,0.4583333333333333,0.4583333333333333,0.4583333333333333,0.4583333333333333,0.5,0.5,0.5416666666666666,0.5416666666666666,0.5833333333333334,0.75
2026-07-11 23:00:00,calibrated,61.57375861270177,0.2706140350877193,935.5905729798236,1514.134065752309,0.875,1.0,1514.134065752309,165.61841318136746,225.31761115505503,60.741129001976084,0.0,0.125,0.16666666666666666,0.375,0.5833333333333334,0.8333333333333334,0.875,0.9166666666666666,0.9583333333333334,0.9583333333333334,0.9583333333333334,0.9583333333333334,0.9583333333333334,0.9583333333333334,0.9583333333333334,0.9583333333333334,1.0,1.0,1.0
2026-07-11 23:00:00,raw,73.6639888979998,0.3157894736842105,631.2126748981545,877.515573905644,0.7916666666666666,0.875,976.7430125454108,228.47101981470428,307.13643059234647,37.87235947362915,0.125,0.20833333333333334,0.2916666666666667,0.5,0.9166666666666666,0.9166666666666666,0.9583333333333334,0.9583333333333334,0.9583333333333334,0.9583333333333334,0.9583333333333334,0.9583333333333334,0.9583333333333334,0.9583333333333334,0.9583333333333334,0.9583333333333334,0.9583333333333334,1.0,1.0
2026-07-13 23:00:00,calibrated,16.149397424548365,0.17192982456140352,101.09960797841723,180.65684519817515,0.875,0.9583333333333334,330.7170714738926,39.46116520199714,83.26723665143304,11.873407984480146,0.0,0.0,0.0,0.0,0.0,0.08333333333333333,0.08333333333333333,0.125,0.20833333333333334,0.20833333333333334,0.3333333333333333,0.3333333333333333,0.4166666666666667,0.5,0.6666666666666666,0.7083333333333334,0.75,0.875,0.9583333333333334
2026-07-13 23:00:00,raw,14.504098901556693,0.0807017543859649,83.05067043995545,124.91324683363483,0.7916666666666666,0.9166666666666666,342.99296420588126,33.698929989479474,77.34995344902218,13.551503868451915,0.0,0.041666666666666664,0.041666666666666664,0.041666666666666664,0.041666666666666664,0.125,0.20833333333333334,0.3333333333333333,0.375,0.4166666666666667,0.4583333333333333,0.5833333333333334,0.6666666666666666,0.6666666666666666,0.75,0.75,0.75,0.8333333333333334,0.9166666666666666
2026-07-15 23:00:00,calibrated,12.543238920109951,0.14956140350877192,235.89956510670345,407.75281719323584,1.0,1.0,407.75281719323584,26.43882501784941,58.95791531352888,14.767628742196322,0.0,0.0,0.08333333333333333,0.08333333333333333,0.125,0.16666666666666666,0.3333333333333333,0.5416666666666666,0.625,0.6666666666666666,0.7083333333333334,0.875,0.9166666666666666,1.0,1.0,1.0,1.0,1.0,1.0
2026-07-15 23:00:00,raw,16.426333587634446,0.26096491228070173,186.41308812504272,248.41042908759027,0.8333333333333334,0.9166666666666666,287.2189316040972,41.45029045069885,81.99355974942596,10.797208743992238,0.08333333333333333,0.16666666666666666,0.25,0.4583333333333333,0.5833333333333334,0.6666666666666666,0.75,0.75,0.875,0.9166666666666666,0.9583333333333334,1.0,1.0,1.0,1.0,1.0,1.0,1.0,1.0
2026-07-17 23:00:00,calibrated,27.09011095870296,0.09780701754385965,125.42986057844469,218.35703746400338,0.5416666666666666,0.75,448.4495097219803,68.20698449954223,95.74733064032448,7.2880265750001145,0.20833333333333334,0.3333333333333333,0.375,0.375,0.375,0.4166666666666667,0.4166666666666667,0.5,0.5416666666666666,0.5416666666666666,0.5416666666666666,0.625,0.625,0.625,0.6666666666666666,0.6666666666666666,0.7083333333333334,0.875,0.9583333333333334
2026-07-17 23:00:00,raw,26.51396288966602,0.15263157894736842,102.03041330486339,133.62622336605241,0.4166666666666667,0.5416666666666666,503.2337196964527,66.0576722908034,86.98306266506971,5.795224332887795,0.375,0.375,0.375,0.5,0.5,0.5,0.5416666666666666,0.5833333333333334,0.5833333333333334,0.625,0.625,0.6666666666666666,0.6666666666666666,0.6666666666666666,0.6666666666666666,0.6666666666666666,0.7083333333333334,0.7916666666666666,0.9166666666666666
2026-07-19 23:00:00,calibrated,31.56203813189973,0.21710526315789475,290.77861663029955,482.69573556143297,0.8333333333333334,0.875,712.3408546238456,73.94917442911817,113.6354408452394,24.568125486440238,0.0,0.0,0.0,0.0,0.0,0.0,0.041666666666666664,0.125,0.16666666666666666,0.20833333333333334,0.25,0.2916666666666667,0.375,0.375,0.4583333333333333,0.5833333333333334,0.7916666666666666,0.8333333333333334,0.875
2026-07-19 23:00:00,raw,30.242121495531624,0.13157894736842107,214.77363334691782,294.30684659321577,0.7916666666666666,0.8333333333333334,674.2551680109788,74.22804009980104,111.80771940895218,28.036391629676945,0.0,0.041666666666666664,0.041666666666666664,0.08333333333333333,0.125,0.16666666666666666,0.16666666666666666,0.25,0.2916666666666667,0.3333333333333333,0.375,0.375,0.4166666666666667,0.4583333333333333,0.6666666666666666,0.75,0.7916666666666666,0.8333333333333334,0.8333333333333334
2026-07-21 23:00:00,calibrated,44.61967430345845,0.16228070175438597,165.17899391312613,293.06941092762116,0.5416666666666666,0.7916666666666666,748.5570180614426,110.76381608026378,163.68126048482534,28.08327826393933,0.0,0.08333333333333333,0.08333333333333333,0.16666666666666666,0.20833333333333334,0.25,0.2916666666666667,0.2916666666666667,0.2916666666666667,0.3333333333333333,0.375,0.375,0.4166666666666667,0.4166666666666667,0.4166666666666667,0.4583333333333333,0.5416666666666666,0.625,0.7916666666666666
2026-07-21 23:00:00,raw,42.59966165917385,0.13684210526315788,123.67053947424442,182.54537393752184,0.5416666666666666,0.7083333333333334,866.9040312660806,105.21180135548707,155.2888008723241,35.02733471895855,0.041666666666666664,0.08333333333333333,0.125,0.25,0.25,0.2916666666666667,0.2916666666666667,0.3333333333333333,0.4166666666666667,0.4166666666666667,0.4166666666666667,0.4166666666666667,0.4166666666666667,0.4166666666666667,0.4166666666666667,0.5,0.5416666666666666,0.625,0.75
2026-07-23 23:00:00,calibrated,101.50275287910779,0.11096491228070174,1129.95684255385,1789.560056133867,0.9583333333333334,0.9583333333333334,1938.613890453539,279.27836254948306,401.6270709317431,58.79496571152597,0.0,0.0,0.041666666666666664,0.20833333333333334,0.20833333333333334,0.2916666666666667,0.2916666666666667,0.2916666666666667,0.2916666666666667,0.3333333333333333,0.3333333333333333,0.375,0.375,0.5,0.5416666666666666,0.7083333333333334,0.8333333333333334,0.9583333333333334,0.9583333333333334
2026-07-23 23:00:00,raw,88.50005241987114,0.08289473684210527,720.7366742600055,930.2489025910727,0.7083333333333334,0.875,1438.3738327161057,244.71008188950063,336.7337991150059,45.83674199685851,0.08333333333333333,0.20833333333333334,0.2916666666666667,0.2916666666666667,0.2916666666666667,0.3333333333333333,0.3333333333333333,0.3333333333333333,0.3333333333333333,0.375,0.4166666666666667,0.4583333333333333,0.4583333333333333,0.5416666666666666,0.7083333333333334,0.75,0.7916666666666666,0.9166666666666666,0.9583333333333334
2026-07-25 23:00:00,calibrated,99.61970105082395,0.3464912280701754,923.8352718864261,1496.0940937985715,0.4166666666666667,0.7083333333333334,1954.4894309692463,229.07260248974373,256.66527934807596,63.62964882348243,0.2916666666666667,0.5833333333333334,0.6666666666666666,0.7083333333333334,0.7083333333333334,0.75,0.7916666666666666,0.8333333333333334,0.9166666666666666,0.9583333333333334,0.9583333333333334,0.9583333333333334,0.9583333333333334,1.0,1.0,1.0,1.0,1.0,1.0
2026-07-25 23:00:00,raw,102.1042830605765,0.3991228070175438,612.20284492077,867.9102117356365,0.3333333333333333,0.625,1453.654137451271,266.6244769971159,295.35313773838743,41.05320326494632,0.375,0.6666666666666666,0.7083333333333334,0.7916666666666666,0.875,0.9166666666666666,0.9583333333333334,0.9583333333333334,0.9583333333333334,0.9583333333333334,0.9583333333333334,0.9583333333333334,1.0,1.0,1.0,1.0,1.0,1.0,1.0
2026-07-27 23:00:00,calibrated,175.07346986327377,0.2039473684210526,831.1214326474019,1332.7184608919886,0.7916666666666666,0.8333333333333334,3300.3569849352803,438.2170230492449,724.2612503246385,122.13130414614663,0.0,0.0,0.0,0.0,0.0,0.0,0.041666666666666664,0.125,0.125,0.25,0.2916666666666667,0.375,0.375,0.5,0.5416666666666666,0.5833333333333334,0.7916666666666666,0.7916666666666666,0.8333333333333334
2026-07-27 23:00:00,raw,164.74749893696745,0.14035087719298248,524.2796265275288,706.5749508614063,0.75,0.7916666666666666,3576.777561933019,405.6180288418447,673.4740516680577,149.4865792279255,0.0,0.041666666666666664,0.041666666666666664,0.08333333333333333,0.16666666666666666,0.16666666666666666,0.20833333333333334,0.2916666666666667,0.3333333333333333,0.375,0.4166666666666667,0.4166666666666667,0.5,0.5,0.5416666666666666,0.5416666666666666,0.625,0.7916666666666666,0.7916666666666666
2026-07-29 23:00:00,calibrated,117.71679664062802,0.17412280701754387,1747.8171819382335,3169.7890591195996,1.0,1.0,3169.7890591195996,298.9253416893508,400.32809022779065,112.45473486132649,0.0,0.0,0.125,0.375,0.4166666666666667,0.4583333333333333,0.5833333333333334,0.625,0.6666666666666666,0.7916666666666666,0.8333333333333334,0.8333333333333334,0.875,0.9583333333333334,0.9583333333333334,0.9583333333333334,1.0,1.0,1.0
2026-07-29 23:00:00,raw,141.85874229579926,0.30043859649122806,1260.766502094462,1691.459354238883,0.5833333333333334,0.6666666666666666,2042.0123274671616,351.0157458572011,428.99003292656374,65.61948675878966,0.3333333333333333,0.4166666666666667,0.5833333333333334,0.5833333333333334,0.6666666666666666,0.75,0.75,0.8333333333333334,0.8333333333333334,0.8333333333333334,0.875,0.875,0.9583333333333334,0.9583333333333334,0.9583333333333334,1.0,1.0,1.0,1.0
2026-07-31 23:00:00,calibrated,173.65355362817718,0.12938596491228072,935.1975035497003,1697.6029770096127,0.6666666666666666,0.8333333333333334,1951.6445882127566,451.9717796235329,649.8613369498861,55.14154080913124,0.0,0.0,0.041666666666666664,0.16666666666666666,0.16666666666666666,0.25,0.2916666666666667,0.3333333333333333,0.375,0.375,0.375,0.4166666666666667,0.4583333333333333,0.4583333333333333,0.5833333333333334,0.625,0.625,0.6666666666666666,0.8333333333333334
2026-07-31 23:00:00,raw,164.98204583573636,0.10877192982456141,715.4207530608957,1070.4529113248655,0.6666666666666666,0.7916666666666666,2597.408388338131,434.2907706152502,600.4716712369353,96.68904854264878,0.0,0.0,0.041666666666666664,0.08333333333333333,0.25,0.375,0.375,0.4166666666666667,0.4166666666666667,0.4583333333333333,0.4583333333333333,0.5,0.5416666666666666,0.5416666666666666,0.5833333333333334,0.5833333333333334,0.5833333333333334,0.6666666666666666,0.7916666666666666
2026-08-02 23:00:00,calibrated,136.07097272124372,0.09956140350877192,1036.3385707035698,1661.3765981526133,0.8333333333333334,1.0,1661.3765981526133,357.882208313195,638.9042920231635,45.33266050334287,0.0,0.0,0.0,0.0,0.08333333333333333,0.08333333333333333,0.125,0.3333333333333333,0.5416666666666666,0.5416666666666666,0.5833333333333334,0.5833333333333334,0.5833333333333334,0.5833333333333334,0.6666666666666666,0.75,0.75,0.8333333333333334,1.0
2026-08-02 23:00:00,raw,133.5514002065447,0.061403508771929814,706.399927371946,1034.7903329129185,0.75,0.875,1364.4651557511527,351.492261612932,595.4416660724007,38.76563933459378,0.0,0.0,0.08333333333333333,0.16666666666666666,0.16666666666666666,0.20833333333333334,0.3333333333333333,0.5,0.5416666666666666,0.5833333333333334,0.5833333333333334,0.5833333333333334,0.6666666666666666,0.7083333333333334,0.75,0.75,0.75,0.75,0.875
2026-08-04 23:00:00,calibrated,80.80695772046474,0.28114035087719297,1345.320986104766,2077.8104466417185,1.0,1.0,2077.8104466417185,188.81838813405443,271.76015350565206,84.40200120203941,0.0,0.0,0.20833333333333334,0.5416666666666666,0.5416666666666666,0.7083333333333334,0.75,0.875,0.9166666666666666,1.0,1.0,1.0,1.0,1.0,1.0,1.0,1.0,1.0,1.0
2026-08-04 23:00:00,raw,85.78921424609761,0.32894736842105265,883.4632377947775,1164.1455364211445,0.875,0.9166666666666666,1230.1226879895883,253.4755147778059,345.58192844433626,52.08860676910657,0.08333333333333333,0.125,0.3333333333333333,0.5416666666666666,0.7916666666666666,0.875,1.0,1.0,1.0,1.0,1.0,1.0,1.0,1.0,1.0,1.0,1.0,1.0,1.0
2026-08-06 23:00:00,calibrated,113.62098265614112,0.13377192982456143,746.4949318074187,1152.9404385235412,0.5416666666666666,0.7083333333333334,1720.4599250361982,292.3283793362064,406.54394949191436,57.79610680546747,0.16666666666666666,0.25,0.25,0.25,0.25,0.25,0.2916666666666667,0.2916666666666667,0.2916666666666667,0.3333333333333333,0.3333333333333333,0.4166666666666667,0.5,0.5,0.5416666666666666,0.5416666666666666,0.6666666666666666,0.7916666666666666,0.875
2026-08-06 23:00:00,raw,111.39865176670499,0.12236842105263157,490.21819793467165,637.5739828131622,0.375,0.5833333333333334,2072.281666682264,275.50512871087733,386.5499068684795,78.31468096199059,0.20833333333333334,0.25,0.25,0.25,0.25,0.25,0.2916666666666667,0.4166666666666667,0.4166666666666667,0.4166666666666667,0.5,0.5,0.5,0.5,0.5416666666666666,0.5833333333333334,0.5833333333333334,0.625,0.7916666666666666
2026-08-08 23:00:00,calibrated,49.97971482924849,0.20877192982456141,775.793238267578,1113.5120679596184,0.9166666666666666,1.0,1113.5120679596184,124.23397695169781,137.19649647608622,45.371459903732735,0.0,0.08333333333333333,0.375,0.4583333333333333,0.5833333333333334,0.6666666666666666,0.7083333333333334,0.75,0.75,0.75,0.75,0.8333333333333334,0.8333333333333334,0.875,0.9583333333333334,0.9583333333333334,1.0,1.0,1.0
2026-08-08 23:00:00,raw,55.07706453384786,0.2618421052631579,471.0961768803307,604.4745193763719,0.7083333333333334,0.9583333333333334,660.7251953675932,153.85857952005856,171.85022417519195,24.923877151272375,0.041666666666666664,0.2916666666666667,0.5,0.7083333333333334,0.75,0.75,0.75,0.75,0.75,0.8333333333333334,0.8333333333333334,0.8333333333333334,0.875,0.9166666666666666,0.9583333333333334,0.9583333333333334,0.9583333333333334,1.0,1.0
2026-08-10 23:00:00,calibrated,113.18106028211766,0.1649122807017544,1271.11800782936,1820.8629781988664,0.9583333333333334,1.0,1820.8629781988664,304.7274902351215,539.8331066816777,54.36070516483269,0.0,0.0,0.0,0.0,0.0,0.125,0.125,0.16666666666666666,0.16666666666666666,0.20833333333333334,0.25,0.375,0.4166666666666667,0.4583333333333333,0.75,0.7916666666666666,0.7916666666666666,0.9583333333333334,1.0
2026-08-10 23:00:00,raw,99.06179073973263,0.09956140350877192,770.3567948071194,994.0163760023074,0.75,0.9583333333333334,1387.5976248906106,256.3402874175253,471.97937243777653,42.57743005294706,0.0,0.041666666666666664,0.041666666666666664,0.125,0.16666666666666666,0.16666666666666666,0.16666666666666666,0.25,0.375,0.4166666666666667,0.4166666666666667,0.4166666666666667,0.4583333333333333,0.5833333333333334,0.7083333333333334,0.75,0.7916666666666666,0.7916666666666666,0.9583333333333334
2026-08-12 23:00:00,calibrated,58.432466296441085,0.16271929824561404,1180.3917207894303,1672.8960780142086,0.9166666666666666,1.0,1672.8960780142086,117.25224070212612,148.00755697931592,64.63618144870843,0.0,0.08333333333333333,0.16666666666666666,0.20833333333333334,0.2916666666666667,0.4166666666666667,0.5,0.625,0.7916666666666666,0.7916666666666666,0.7916666666666666,0.875,0.9583333333333334,0.9583333333333334,1.0,1.0,1.0,1.0,1.0
2026-08-12 23:00:00,raw,54.43181380050791,0.23552631578947367,713.6273865994641,951.5171810169105,0.8333333333333334,0.9583333333333334,967.6356768516677,143.44315394137726,169.49865480699646,36.24293186819795,0.041666666666666664,0.16666666666666666,0.25,0.3333333333333333,0.4583333333333333,0.6666666666666666,0.7916666666666666,0.7916666666666666,0.875,0.875,0.875,0.9583333333333334,0.9583333333333334,0.9583333333333334,0.9583333333333334,1.0,1.0,1.0,1.0
2026-08-14 23:00:00,calibrated,77.51854536341831,0.14692982456140352,365.3238144409882,532.2297483943291,0.4166666666666667,0.5416666666666666,1406.7391704326444,202.42813854204385,251.7944597061702,36.11890605085791,0.375,0.375,0.375,0.375,0.4583333333333333,0.4583333333333333,0.4583333333333333,0.4583333333333333,0.4583333333333333,0.5,0.5,0.5,0.5,0.5,0.5,0.625,0.6666666666666666,0.7916666666666666,0.9166666666666666
2026-08-14 23:00:00,raw,75.85165395207932,0.16447368421052633,230.2559353426669,349.1617018173244,0.3333333333333333,0.5833333333333334,1270.3065352822016,195.05448180714197,238.56297043641956,36.118602617314416,0.25,0.375,0.375,0.4166666666666667,0.4583333333333333,0.5,0.5,0.5,0.5,0.5,0.5,0.5,0.5,0.5,0.5,0.5833333333333334,0.625,0.7083333333333334,0.8333333333333334
2026-08-16 23:00:00,calibrated,59.49260062386553,0.17192982456140352,595.2224207701825,914.8390766568782,0.9583333333333334,1.0,914.8390766568782,164.33603335006148,267.56326850428053,25.55970614587324,0.0,0.0,0.0,0.0,0.041666666666666664,0.041666666666666664,0.041666666666666664,0.08333333333333333,0.08333333333333333,0.20833333333333334,0.3333333333333333,0.375,0.4583333333333333,0.625,0.7083333333333334,0.7083333333333334,0.9166666666666666,0.9583333333333334,1.0
2026-08-16 23:00:00,raw,55.166096077626975,0.10526315789473684,382.94085846182594,609.6836938458747,0.8333333333333334,0.875,857.1377249106945,142.48732930891057,231.0541403318437,24.92938427063763,0.0,0.0,0.041666666666666664,0.041666666666666664,0.08333333333333333,0.125,0.125,0.20833333333333334,0.375,0.4583333333333333,0.4583333333333333,0.5,0.625,0.625,0.7083333333333334,0.7083333333333334,0.7083333333333334,0.8333333333333334,0.875
2026-08-18 23:00:00,calibrated,76.29403974930987,0.15,1540.8684196945662,2355.3013318321914,1.0,1.0,2355.3013318321914,152.00329783508508,202.78447900875332,88.14551011981992,0.0,0.0,0.041666666666666664,0.125,0.25,0.25,0.5833333333333334,0.5833333333333334,0.625,0.6666666666666666,0.75,0.7916666666666666,0.9166666666666666,1.0,1.0,1.0,1.0,1.0,1.0
2026-08-18 23:00:00,raw,83.78739520113031,0.22675438596491224,985.9013863335285,1475.6659725281595,0.875,0.9583333333333334,1637.1733989945267,202.21892229234848,272.77472844512056,58.054784572115864,0.041666666666666664,0.125,0.2916666666666667,0.4583333333333333,0.5416666666666666,0.625,0.6666666666666666,0.6666666666666666,0.7916666666666666,0.8333333333333334,0.875,0.9166666666666666,0.9583333333333334,1.0,1.0,1.0,1.0,1.0,1.0
2026-08-20 23:00:00,calibrated,140.23476874121255,0.15657894736842107,664.1262975229772,1035.93110610078,0.625,0.75,1950.9327590071143,384.4513445653597,532.3963459990513,66.16291977323439,0.041666666666666664,0.125,0.25,0.25,0.25,0.25,0.25,0.2916666666666667,0.3333333333333333,0.3333333333333333,0.3333333333333333,0.3333333333333333,0.3333333333333333,0.375,0.4166666666666667,0.5,0.6666666666666666,0.75,0.7916666666666666
2026-08-20 23:00:00,raw,131.6704159373337,0.15789473684210525,454.8864457477329,670.7230708276276,0.4166666666666667,0.6666666666666666,2471.9661794668345,345.07812484636435,473.39937278084443,99.22495641304528,0.08333333333333333,0.25,0.25,0.25,0.2916666666666667,0.2916666666666667,0.3333333333333333,0.3333333333333333,0.3333333333333333,0.3333333333333333,0.3333333333333333,0.375,0.375,0.4166666666666667,0.4166666666666667,0.5833333333333334,0.5833333333333334,0.6666666666666666,0.75
2026-08-22 23:00:00,calibrated,100.39799638518495,0.23991228070175435,1889.223334840667,2916.7190098798733,1.0,1.0,2916.7190098798733,212.41196661247037,224.07152155868414,113.48729988847545,0.0,0.0,0.041666666666666664,0.2916666666666667,0.4583333333333333,0.5833333333333334,0.7083333333333334,0.8333333333333334,0.875,0.9166666666666666,0.9166666666666666,0.9583333333333334,0.9583333333333334,1.0,1.0,1.0,1.0,1.0,1.0
2026-08-22 23:00:00,raw,126.01374070839046,0.34210526315789475,1215.4461599982797,1639.2217647101522,0.5833333333333334,0.8333333333333334,1745.986716192427,315.6472188403347,330.81105153442684,70.35236262203163,0.16666666666666666,0.4166666666666667,0.625,0.75,0.75,0.7916666666666666,0.8333333333333334,0.875,0.9166666666666666,0.9583333333333334,0.9583333333333334,0.9583333333333334,1.0,1.0,1.0,1.0,1.0,1.0,1.0
2026-08-24 23:00:00,calibrated,181.77484634641598,0.23333333333333334,864.0955945671262,1353.5055285003953,0.7916666666666666,0.9583333333333334,1508.2466593910247,502.2458207938009,803.3005627980772,32.53617465230578,0.0,0.0,0.0,0.0,0.0,0.0,0.0,0.08333333333333333,0.16666666666666666,0.16666666666666666,0.2916666666666667,0.3333333333333333,0.375,0.375,0.4583333333333333,0.5,0.5833333333333334,0.7916666666666666,0.9583333333333334
2026-08-24 23:00:00,raw,179.65975603919333,0.17324561403508773,564.5307342260238,793.146982249349,0.625,0.7083333333333334,2590.215228790664,458.31578610808265,727.3810108969247,95.37179279020289,0.0,0.0,0.0,0.08333333333333333,0.20833333333333334,0.25,0.2916666666666667,0.2916666666666667,0.3333333333333333,0.3333333333333333,0.375,0.375,0.4166666666666667,0.4583333333333333,0.4583333333333333,0.4583333333333333,0.5416666666666666,0.625,0.7083333333333334
2026-08-26 23:00:00,calibrated,337.6853740090844,0.06447368421052632,2050.6418935530323,3034.1011524322457,0.6666666666666666,0.875,5335.563730308816,895.1588858338027,1315.8001650603646,190.44410385443794,0.0,0.125,0.25,0.25,0.25,0.375,0.375,0.5,0.5,0.5,0.5416666666666666,0.5416666666666666,0.5833333333333334,0.625,0.625,0.7083333333333334,0.7083333333333334,0.7916666666666666,0.875
2026-08-26 23:00:00,raw,347.9697587670365,0.1276315789473684,1264.3612848129692,1683.4345981828783,0.5,0.625,7083.604576760787,856.1931615552103,1222.7300523275026,285.1751354409334,0.125,0.20833333333333334,0.2916666666666667,0.4583333333333333,0.5,0.5,0.5,0.5,0.5416666666666666,0.5416666666666666,0.5416666666666666,0.625,0.625,0.625,0.625,0.625,0.6666666666666666,0.7083333333333334,0.75
2026-08-28 23:00:00,calibrated,253.51186243402992,0.2157894736842105,3811.083526958886,5533.296796493011,0.7916666666666666,1.0,5533.296796493011,566.1422818676282,710.9360089921803,225.53631647631073,0.0,0.20833333333333334,0.2916666666666667,0.4583333333333333,0.5416666666666666,0.5416666666666666,0.7083333333333334,0.7083333333333334,0.7083333333333334,0.7083333333333334,0.75,0.875,1.0,1.0,1.0,1.0,1.0,1.0,1.0
2026-08-28 23:00:00,raw,283.856713545266,0.29824561403508776,2315.928565869257,2750.5826277804167,0.4166666666666667,0.8333333333333334,3706.1146363166863,696.1903853399793,915.7259011497878,114.27658505610407,0.16666666666666666,0.5833333333333334,0.625,0.6666666666666666,0.6666666666666666,0.6666666666666666,0.6666666666666666,0.7083333333333334,0.75,0.7916666666666666,0.9583333333333334,0.9583333333333334,0.9583333333333334,1.0,1.0,1.0,1.0,1.0,1.0
2026-08-30 23:00:00,calibrated,412.3689391983427,0.1482456140350877,1465.8733083135983,2106.1647905173836,0.7083333333333334,0.75,4956.385632072288,1070.3762831336044,1693.7372248231281,169.49073401744974,0.0,0.0,0.0,0.041666666666666664,0.041666666666666664,0.08333333333333333,0.125,0.16666666666666666,0.2916666666666667,0.5416666666666666,0.5833333333333334,0.5833333333333334,0.5833333333333334,0.5833333333333334,0.5833333333333334,0.5833333333333334,0.5833333333333334,0.7083333333333334,0.75
2026-08-30 23:00:00,raw,409.3024720461246,0.13728070175438595,895.3686812494593,1264.3275371000896,0.5833333333333334,0.7083333333333334,7585.492384204329,1024.008194674266,1567.1077189503335,316.3023811405287,0.0,0.0,0.0,0.125,0.16666666666666666,0.4166666666666667,0.5416666666666666,0.5833333333333334,0.5833333333333334,0.5833333333333334,0.5833333333333334,0.5833333333333334,0.5833333333333334,0.5833333333333334,0.5833333333333334,0.5833333333333334,0.5833333333333334,0.5833333333333334,0.7083333333333334
