metodo,miembros,corr_global,corr_por_camino,testigo_corr_global,sobre_el_testigo
Analog,40.0,0.81186,0.640434,-0.00316,0.643595
Analog+errores,51.40201,0.735621,0.475807,0.00144,0.474367
Analog-amplitud-libre,40.0,0.840894,0.66816,-0.003576,0.671736
Analog-amplitud-libre+errores,51.40201,0.745639,0.506336,0.00131,0.505026
Analog-crudo,40.0,0.848672,0.689262,-0.002947,0.692208
Analog-crudo+errores,51.40201,0.728631,0.493994,0.00211,0.491883
Analog-mezcla,160.0,0.828942,0.670557,0.000439,0.670118
Analog-mezcla+errores,51.40201,0.719807,0.459774,0.002075,0.457699
Analog-minimos-cuadrados,40.0,0.8093,0.639551,-0.002823,0.642374
Analog-sin-recorte,40.0,0.810834,0.640207,-0.003148,0.643354
Analog-sin-recorte+errores,51.40201,0.735621,0.475807,0.00144,0.474367
LEAR,51.445,0.679418,0.444784,6.7e-05,0.444717
LEAR+errores,51.40201,0.672715,0.4307,-0.001361,0.432061
Moirai,1000.0,8.7e-05,-0.032519,-8.1e-05,-0.032438
Moirai+errores,51.40201,0.707263,0.458605,0.002393,0.456212
Naive-combinado,60.0,0.712672,0.430463,-0.003682,0.434145
Naive-diario,60.0,0.688632,0.442546,-8.3e-05,0.44263
Naive-semanal,60.0,0.737031,0.454934,-0.006812,0.461746
PatchTST-FM+errores,51.40201,0.691427,0.449433,-0.00083,0.450263
TiRex+errores,51.40201,0.693276,0.459218,0.000867,0.458351
t0-beta+errores,51.40201,0.690581,0.450785,-0.000301,0.451086
