method,escapa_arriba,escapa_abajo,cover80,sharp80,escapa_arriba_90,cover90
Analog,0.157859,0.083959,0.758181,1493.993228,0.10417,0.848485
Analog+asimetrico,0.130758,0.059973,0.809269,2034.460177,0.084902,0.883795
Analog+enbpi,0.105553,0.039874,0.854573,2358.251872,0.064087,0.915482
Analog+normalizado,0.179408,0.128584,0.692008,1431.723613,0.118134,0.793809
Analog+split,0.11988,0.046257,0.833862,1977.268036,0.076302,0.899288
Analog-amplitud-libre,0.126721,0.05452,0.818759,1674.577547,0.075461,0.89824
Analog-amplitud-libre+asimetrico,0.150227,0.077903,0.771869,1662.644056,0.094164,0.862947
Analog-amplitud-libre+enbpi,0.126401,0.044446,0.829153,2204.224441,0.075423,0.901505
Analog-amplitud-libre+normalizado,0.20396,0.137574,0.658467,1234.591179,0.133871,0.769712
Analog-amplitud-libre+split,0.182313,0.105475,0.712212,1281.186271,0.119318,0.814434
Analog-crudo,0.232061,0.200271,0.567667,777.371989,0.1654,0.689311
Analog-crudo+asimetrico,0.172045,0.100403,0.727553,1595.139453,0.111531,0.830091
Analog-crudo+enbpi,0.139469,0.085875,0.774656,2039.031633,0.08539,0.864581
Analog-crudo+normalizado,0.191389,0.116625,0.691986,1647.75079,0.127124,0.794051
Analog-crudo+split,0.273229,0.231555,0.495216,646.395392,0.210349,0.612439
Analog-mezcla,0.132913,0.049796,0.817291,1606.287487,0.076571,0.902148
Analog-mezcla+asimetrico,0.152676,0.074635,0.772689,1588.543317,0.093899,0.871959
Analog-mezcla+enbpi,0.09996,0.031822,0.868218,2196.995231,0.053825,0.932596
Analog-mezcla+normalizado,0.207424,0.157573,0.635003,1108.688842,0.135737,0.759321
Analog-mezcla+split,0.12298,0.043258,0.833762,1790.518771,0.070016,0.909948
Analog-minimos-cuadrados,0.192839,0.148672,0.658489,1196.67076,0.133055,0.7708
Analog-minimos-cuadrados+asimetrico,0.128473,0.060417,0.81111,2077.41072,0.085167,0.883825
Analog-minimos-cuadrados+enbpi,0.102725,0.04815,0.849125,2331.566291,0.063536,0.911375
Analog-minimos-cuadrados+normalizado,0.16717,0.1389,0.69393,1501.640396,0.110459,0.795355
Analog-minimos-cuadrados+split,0.114205,0.050852,0.834943,2046.87435,0.073146,0.900402
Analog-sin-recorte,0.157822,0.083952,0.758226,1508.69699,0.104021,0.848634
Analog-sin-recorte+asimetrico,0.13081,0.059977,0.809213,2051.394995,0.084858,0.883848
Analog-sin-recorte+enbpi,0.112674,0.045557,0.84177,2175.962815,0.069628,0.906807
Analog-sin-recorte+normalizado,0.177773,0.127153,0.695074,1509.440621,0.1174,0.795221
Analog-sin-recorte+split,0.121721,0.047923,0.830356,1967.023267,0.077547,0.89713
LEAR,0.2329,0.111513,0.655587,992.170761,0.157949,0.770688
LEAR+asimetrico,0.167084,0.08068,0.752236,1636.94492,0.102728,0.849307
LEAR+enbpi,0.127523,0.044234,0.828243,2126.151419,0.073097,0.903565
LEAR+normalizado,0.231421,0.106767,0.661812,1148.859686,0.159022,0.772126
LEAR+split,0.14805,0.05943,0.79252,1540.692494,0.085543,0.882244
Moirai,0.194652,0.077772,0.727577,1069.725091,0.114079,0.852278
Moirai+asimetrico,0.172119,0.0778,0.750081,1218.588685,0.095402,0.871728
Moirai+enbpi,0.122295,0.041109,0.836596,1759.314021,0.061935,0.917991
Moirai+normalizado,0.229675,0.129867,0.640458,936.394984,0.143993,0.77562
Moirai+split,0.152544,0.037411,0.810045,1401.629442,0.086087,0.89807
Naive-combinado,0.235306,0.113332,0.651362,1172.575454,0.158687,0.767141
Naive-combinado+asimetrico,0.177363,0.079618,0.74302,1926.199932,0.107867,0.844283
Naive-combinado+enbpi,0.131793,0.047658,0.820549,2591.603011,0.073466,0.901013
Naive-combinado+normalizado,0.222457,0.101332,0.676212,1536.672976,0.148579,0.785143
Naive-combinado+split,0.223231,0.106563,0.670207,1365.511817,0.148062,0.782802
Naive-diario,0.226712,0.117266,0.656023,1169.757418,0.150818,0.773125
Naive-diario+asimetrico,0.170133,0.083546,0.746322,1956.223983,0.103973,0.847138
Naive-diario+enbpi,0.126036,0.058979,0.814985,2562.446832,0.070694,0.898129
Naive-diario+normalizado,0.190629,0.094298,0.715073,1745.476389,0.119058,0.822783
Naive-diario+split,0.177368,0.08918,0.733452,1600.11377,0.109368,0.837548
Naive-semanal,0.236156,0.105933,0.657912,1591.925244,0.161343,0.771157
Naive-semanal+asimetrico,0.174631,0.077475,0.747894,2671.375172,0.107793,0.847473
Naive-semanal+enbpi,0.123942,0.048355,0.827703,3752.215893,0.070269,0.904366
Naive-semanal+normalizado,0.195741,0.085908,0.718351,2404.59037,0.126047,0.821453
Naive-semanal+split,0.24668,0.114608,0.638713,1673.711456,0.173601,0.751423
PatchTST-FM,0.203222,0.096906,0.699873,1065.21682,0.121632,0.82839
PatchTST-FM+asimetrico,0.179095,0.069422,0.751483,1169.097162,0.101872,0.865075
PatchTST-FM+enbpi,0.184378,0.068826,0.746796,1137.217766,0.108622,0.858306
PatchTST-FM+normalizado,0.172393,0.054728,0.772879,1220.760012,0.102475,0.869393
PatchTST-FM+split,0.184378,0.068826,0.746796,1137.217766,0.108622,0.858306
TiRex,0.214458,0.080785,0.704757,1039.289159,,
TiRex+asimetrico,0.182713,0.062925,0.754363,1168.346453,,
TiRex+enbpi,0.195845,0.060641,0.743514,1117.884025,,
TiRex+normalizado,0.189709,0.059914,0.750376,1184.095498,,
TiRex+split,0.195845,0.060641,0.743514,1117.884025,,
TimesFM-2.5,0.218623,0.072846,0.708531,1046.238663,,
TimesFM-2.5+asimetrico,0.186554,0.064925,0.748521,1199.310867,,
TimesFM-2.5+enbpi,0.204656,0.059371,0.735973,1128.211824,,
TimesFM-2.5+normalizado,0.200878,0.060414,0.738708,1173.650567,,
TimesFM-2.5+split,0.204656,0.059371,0.735973,1128.211824,,
t0-beta,0.202235,0.082909,0.714857,1082.558805,0.12345,0.831668
t0-beta+asimetrico,0.179956,0.064381,0.755663,1168.916034,0.102781,0.865239
t0-beta+enbpi,0.188979,0.063245,0.747776,1131.704265,0.111219,0.857389
t0-beta+normalizado,0.180336,0.057731,0.761933,1193.637964,0.104819,0.864729
t0-beta+split,0.188979,0.063245,0.747776,1131.704265,0.111219,0.857389
