method,pinball_comun,mean_pinball,crps,cover80,escapa_abajo,escapa_arriba,sharp80,winkler80,mae,reliability,cover90,escapa_abajo_90,escapa_arriba_90,sharp90,winkler90
Analog,88.974016,85.725291,160.246925,0.754518,0.140485,0.104996,724.612233,1157.061242,219.034021,0.220972,0.849012,0.087448,0.06354,1005.114384,1542.86457
Analog+asimetrico,93.159104,89.852834,167.70926,0.821922,0.090736,0.087342,986.431351,1282.094594,220.059353,0.211019,0.896919,0.050911,0.052169,1375.281506,1718.779368
Analog+enbpi,94.851756,91.520249,170.765652,0.853306,0.079823,0.06687,1106.641757,1347.533797,219.371401,0.207979,0.917283,0.045355,0.037362,1528.053784,1802.245214
Analog+normalizado,91.500798,88.235482,165.267474,0.727015,0.162994,0.109991,740.930614,1233.192872,219.034021,0.218935,0.819774,0.114344,0.065882,1017.294847,1655.47159
Analog+split,92.378471,89.093296,166.350059,0.835059,0.090829,0.074112,961.808571,1268.353332,219.371401,0.209425,0.904346,0.05277,0.042884,1333.649217,1699.877448
Analog-amplitud-libre,93.674139,90.340319,168.576945,0.860623,0.064684,0.074693,958.801408,1258.767116,227.106495,0.198285,0.930462,0.030721,0.038817,1374.624937,1701.305395
Analog-amplitud-libre+asimetrico,93.063511,89.707394,167.491086,0.813327,0.091208,0.095465,874.573889,1235.653551,227.835915,0.20629,0.897212,0.049913,0.052876,1244.190277,1658.714998
Analog-amplitud-libre+enbpi,97.173768,93.797154,175.046266,0.825334,0.077952,0.096713,1086.55072,1371.9224,227.435626,0.201199,0.90075,0.043994,0.055256,1536.483343,1856.802752
Analog-amplitud-libre+normalizado,95.824144,92.549505,173.611563,0.714461,0.163261,0.122278,731.164067,1327.676309,227.106495,0.210489,0.814219,0.116757,0.069024,1042.357037,1833.657922
Analog-amplitud-libre+split,93.544169,90.252683,168.89993,0.756237,0.124943,0.11882,734.113669,1252.060965,227.435626,0.20738,0.85251,0.077863,0.069626,1052.729039,1709.773862
Analog-crudo,103.696157,100.450913,189.063961,0.738871,0.147773,0.113356,615.935909,1487.158614,244.787211,0.220883,0.835516,0.094691,0.069793,918.752219,2166.925167
Analog-crudo+asimetrico,104.27277,100.778457,188.574618,0.809059,0.095601,0.09534,959.481092,1468.108825,245.41257,0.212342,0.890639,0.053868,0.055493,1432.177568,2050.354649
Analog-crudo+enbpi,108.445885,104.866908,196.009628,0.811706,0.098814,0.089481,1135.511332,1571.953813,245.222303,0.211892,0.890212,0.057832,0.051956,1677.139634,2188.091194
Analog-crudo+normalizado,109.473033,106.002386,198.843334,0.766416,0.133603,0.09998,1007.813523,1625.514658,244.787211,0.210447,0.851686,0.090887,0.057427,1499.366631,2307.05621
Analog-crudo+split,105.407729,102.346722,193.487991,0.660712,0.193315,0.145973,510.422004,1561.975939,245.222303,0.227742,0.766684,0.13582,0.097495,761.361033,2354.318784
Analog-mezcla,84.916961,81.774808,155.536286,0.832428,0.091217,0.076355,789.725955,1092.882986,209.682335,0.212944,0.918701,0.042902,0.038398,1125.163453,1443.32986
Analog-mezcla+asimetrico,85.672253,82.51171,156.953174,0.799911,0.104424,0.095665,780.709048,1111.017336,210.600994,0.216039,0.895963,0.051466,0.052571,1113.778381,1468.806642
Analog-mezcla+enbpi,89.30281,86.173777,164.010189,0.878334,0.063875,0.057791,1047.207294,1249.020562,210.009965,0.206476,0.942415,0.030085,0.0275,1485.261803,1685.925985
Analog-mezcla+normalizado,86.465313,83.332487,158.773593,0.692414,0.187677,0.11991,591.18445,1143.036955,209.682335,0.226718,0.807172,0.12433,0.068498,837.53665,1525.237076
Analog-mezcla+split,87.062943,83.937794,159.727513,0.850399,0.08101,0.068591,885.777413,1167.95032,210.009965,0.207818,0.925221,0.040531,0.034248,1261.590343,1564.799919
Analog-minimos-cuadrados,90.359907,87.144062,163.33527,0.659165,0.210763,0.130073,577.416926,1186.723671,221.449573,0.236899,0.769921,0.14616,0.083919,804.223199,1613.693742
Analog-minimos-cuadrados+asimetrico,94.029693,90.715551,169.35939,0.822821,0.091656,0.085522,1002.695653,1301.617426,222.260088,0.213179,0.896147,0.051437,0.052415,1406.989549,1756.847188
Analog-minimos-cuadrados+enbpi,95.745118,92.383991,172.406164,0.84657,0.09039,0.06304,1094.041474,1354.300605,221.799046,0.210502,0.912118,0.051994,0.035888,1519.326062,1816.398604
Analog-minimos-cuadrados+normalizado,92.779244,89.472456,167.542582,0.731325,0.167594,0.101081,768.08157,1254.598397,221.449573,0.220597,0.82255,0.116345,0.061105,1060.402905,1685.664232
Analog-minimos-cuadrados+split,93.990296,90.672874,169.317963,0.835877,0.095425,0.068698,989.725025,1299.599754,221.799046,0.211372,0.90465,0.05521,0.04014,1378.559711,1749.82347
Analog-sin-recorte,89.03174,85.807666,160.396698,0.754529,0.140484,0.104987,728.796323,1161.042998,219.035812,0.220971,0.849053,0.087444,0.063503,1023.244475,1558.810519
Analog-sin-recorte+asimetrico,93.197678,89.937072,167.898614,0.821899,0.090738,0.087364,991.132062,1287.173584,220.057731,0.211023,0.896925,0.05091,0.052165,1401.789637,1744.528106
Analog-sin-recorte+enbpi,93.368916,90.092863,168.144506,0.845171,0.084701,0.070128,1042.103367,1305.006062,219.3732,0.208748,0.911924,0.048397,0.03968,1458.115893,1758.463066
Analog-sin-recorte+normalizado,92.121762,88.882243,166.484932,0.727833,0.162406,0.109761,768.130812,1255.840875,219.035812,0.218729,0.819947,0.114137,0.065916,1069.714394,1701.28926
Analog-sin-recorte+split,92.259439,89.010351,166.212412,0.831633,0.093043,0.075324,954.063424,1267.346784,219.3732,0.209817,0.901923,0.054387,0.04369,1338.690723,1712.641338
LEAR,85.973879,82.991712,156.582502,0.765341,0.114008,0.120651,601.707165,1186.509206,205.39068,0.208418,0.859056,0.068168,0.072777,868.798701,1624.249209
LEAR+asimetrico,90.072849,87.093244,164.155021,0.822096,0.088126,0.089778,910.576527,1307.362536,206.322189,0.200472,0.897526,0.051133,0.05134,1344.649514,1820.048539
LEAR+enbpi,93.508812,90.445074,170.330975,0.884017,0.051388,0.064595,1148.911514,1427.763081,205.743038,0.195832,0.939588,0.026511,0.0339,1657.028682,1968.383941
LEAR+normalizado,87.396392,84.382471,158.90998,0.759313,0.117854,0.122833,668.063328,1227.650453,205.39068,0.206628,0.852547,0.073519,0.073935,961.256204,1676.825072
LEAR+split,89.732739,86.676092,163.243513,0.87843,0.055482,0.066089,942.743626,1297.594057,205.743038,0.196147,0.936955,0.028291,0.034754,1363.680666,1770.799601
Moirai,75.652412,72.76658,139.063962,0.781231,0.110416,0.108353,566.197042,941.659406,188.828332,0.209324,0.892405,0.049988,0.057607,811.369613,1210.117936
Moirai+asimetrico,76.271571,73.407304,140.308885,0.794779,0.108712,0.096509,647.226528,958.840565,189.634118,0.207957,0.901652,0.048618,0.049729,932.664752,1250.189916
Moirai+enbpi,80.027536,77.217637,147.748448,0.879662,0.054727,0.065611,905.251574,1099.25722,189.130025,0.198159,0.945675,0.02388,0.030445,1287.4422,1479.649228
Moirai+normalizado,77.332001,74.457083,142.393892,0.723809,0.153067,0.123123,528.119934,997.212985,188.832074,0.215934,0.842113,0.088749,0.069138,756.816124,1301.097567
Moirai+split,78.115192,75.291109,144.019904,0.857318,0.063956,0.078726,745.675317,1031.685257,189.128939,0.19754,0.933001,0.027235,0.039763,1069.154662,1372.202335
Naive-combinado,101.003913,97.501637,184.021805,0.763198,0.117021,0.119781,725.377582,1416.683941,238.194141,0.222957,0.855871,0.071383,0.072746,1053.750352,1927.258285
Naive-combinado+asimetrico,104.841938,101.332049,191.00304,0.814096,0.091946,0.093958,1067.294369,1530.869914,239.083431,0.21472,0.893263,0.053534,0.053203,1572.245954,2108.815172
Naive-combinado+enbpi,109.990884,106.439723,200.538089,0.876591,0.055662,0.067747,1409.524925,1718.989872,238.501582,0.207972,0.935272,0.029127,0.035601,2048.030256,2379.685565
Naive-combinado+normalizado,103.876278,100.377334,189.480468,0.771058,0.111341,0.1176,915.124639,1508.961973,238.194141,0.220223,0.859439,0.070114,0.070446,1350.91954,2071.891773
Naive-combinado+split,102.282858,98.783035,186.423572,0.765313,0.115461,0.119226,822.675165,1454.717888,238.501582,0.220286,0.855473,0.071419,0.073108,1194.146658,1989.885378
Naive-diario,102.621344,99.255469,187.54871,0.771558,0.112586,0.115857,715.823175,1491.146405,237.777289,0.207205,0.863427,0.067232,0.069341,1092.53724,2091.677735
Naive-diario+asimetrico,106.433597,103.121448,194.627276,0.820692,0.089037,0.090271,1068.527166,1611.775088,238.857553,0.199958,0.897418,0.050831,0.051751,1661.875937,2303.701478
Naive-diario+enbpi,110.568218,107.270629,202.311686,0.871062,0.063445,0.065492,1386.174241,1773.446637,238.113385,0.195076,0.932688,0.032798,0.034514,2126.578613,2554.251964
Naive-diario+normalizado,105.892285,102.508956,193.636428,0.803708,0.096859,0.099433,998.934902,1600.290604,237.777289,0.201786,0.885993,0.0573,0.056707,1539.013826,2248.850379
Naive-diario+split,105.003971,101.620208,191.789706,0.828769,0.084823,0.086408,970.049139,1569.449661,238.113385,0.197123,0.904055,0.047347,0.048598,1483.443705,2205.705985
Naive-semanal,137.36698,132.628099,250.306919,0.763357,0.11355,0.123093,996.236494,1952.167593,321.796563,0.243534,0.85446,0.069419,0.076123,1451.06591,2654.488167
Naive-semanal+asimetrico,142.955259,138.218059,260.51315,0.81227,0.091499,0.096231,1489.149541,2131.724259,322.762709,0.233267,0.892219,0.05247,0.055311,2209.255725,2943.541717
Naive-semanal+enbpi,151.506648,146.742516,276.442268,0.87432,0.058427,0.067253,2036.217918,2459.207646,322.073005,0.224515,0.933011,0.030788,0.0362,2979.503023,3426.650592
Naive-semanal+normalizado,144.129989,139.236145,262.681717,0.796635,0.096889,0.106476,1453.588367,2189.023243,321.796563,0.235363,0.879513,0.058242,0.062245,2123.508891,2975.299871
Naive-semanal+split,138.574209,133.91118,252.999522,0.725886,0.132382,0.141732,1006.243234,1996.83061,322.073005,0.247236,0.822765,0.084335,0.0929,1466.879281,2752.210272
PatchTST-FM,75.863616,72.963817,,0.726124,0.14094,0.132936,524.765167,945.344584,189.629866,0.221661,0.855645,0.07542,0.068935,746.70199,1217.612082
PatchTST-FM+asimetrico,76.120644,73.261716,,0.797572,0.099207,0.103222,598.570101,949.101455,189.647442,0.211243,0.897799,0.049795,0.052406,857.21631,1234.500045
PatchTST-FM+enbpi,75.817334,72.93403,,0.799678,0.096121,0.104201,580.944712,941.493198,189.628898,0.211537,0.899164,0.047745,0.053092,821.148836,1217.990446
PatchTST-FM+normalizado,76.141373,73.290927,,0.823743,0.080584,0.095673,621.84229,954.007105,189.672395,0.207058,0.911206,0.040432,0.048361,881.302215,1248.924705
PatchTST-FM+split,75.817334,72.93403,,0.799678,0.096121,0.104201,580.944712,941.493198,189.628898,0.211537,0.899164,0.047745,0.053092,821.148836,1217.990446
TiRex,76.868457,76.868457,,0.738096,0.133147,0.128757,519.658494,962.077218,192.015545,0.228337,,,,,
TiRex+asimetrico,77.115744,77.115744,,0.799719,0.097145,0.103136,610.313164,965.951914,192.031046,0.219238,,,,,
TiRex+enbpi,76.829152,76.829152,,0.80175,0.091822,0.106428,581.370927,958.67475,192.015905,0.219942,,,,,
TiRex+normalizado,77.194709,77.194709,,0.808594,0.087929,0.103477,611.852469,973.778209,192.05458,0.217921,,,,,
TiRex+split,76.829152,76.829152,,0.80175,0.091822,0.106428,581.370927,958.67475,192.015905,0.219942,,,,,
TimesFM-2.5,80.003534,80.003534,,0.757274,0.118398,0.124328,538.561862,1016.617109,198.508176,0.21946,,,,,
TimesFM-2.5+asimetrico,80.320323,80.320323,,0.795161,0.099915,0.104924,634.458831,1020.939815,198.50239,0.213605,,,,,
TimesFM-2.5+enbpi,80.00219,80.00219,,0.798154,0.092848,0.108998,596.278677,1015.664917,198.497878,0.213965,,,,,
TimesFM-2.5+normalizado,80.237088,80.237088,,0.806997,0.08737,0.105633,617.475062,1019.356685,198.513554,0.211202,,,,,
TimesFM-2.5+split,80.00219,80.00219,,0.798154,0.092848,0.108998,596.278677,1015.664917,198.497878,0.213965,,,,,
t0-beta,75.259425,72.383148,,0.74345,0.128164,0.128386,535.912597,934.744549,188.558737,0.219353,0.861114,0.067681,0.071204,753.57062,1205.693768
t0-beta+asimetrico,75.611702,72.762607,,0.798116,0.098884,0.103,601.443148,941.27634,188.62315,0.210371,0.897425,0.049451,0.053124,860.48831,1221.712882
t0-beta+enbpi,75.272351,72.404744,,0.800578,0.093361,0.10606,579.143458,933.51222,188.560483,0.211028,0.89994,0.044456,0.055605,820.31459,1206.445306
t0-beta+normalizado,75.671615,72.845783,,0.817605,0.083072,0.099323,613.748119,948.330982,188.581638,0.207522,0.909231,0.039982,0.050787,885.247135,1246.068703
t0-beta+split,75.272351,72.404744,,0.800578,0.093361,0.10606,579.143458,933.51222,188.560483,0.211028,0.89994,0.044456,0.055605,820.31459,1206.445306
