metodo,dias,cubre_90,cubre_80,se_pasa_arriba,ancho_90,pinball
Analog,44825,0.8389737869492471,0.7449860568878974,0.06601226993865031,18314.941452,1266.704026
Analog-amplitud-libre,44825,0.9328945900725042,0.8669046291132181,0.02978248745119911,24116.459954,1313.343462
Analog-crudo,44825,0.8290686001115449,0.73218070273285,0.07312883435582822,15390.081166,1426.111234
Analog-mezcla,44825,0.9117679866146123,0.8219074177356386,0.038616843279419964,20581.728571,1196.13976
Analog-sin-recorte,44825,0.8393530395984383,0.7457891801450084,0.06601226993865031,18953.888987,1275.231105
LEAR,44775,0.8604355108877721,0.7674148520379677,0.07396984924623115,15418.815226,1196.13018
Moirai,21549,0.4492087799897907,0.35537611954151005,0.21277089424103207,5227.753645,1284.564397
Naive-combinado,44825,0.8534969325153374,0.7618739542665923,0.07399888455103179,19218.867477,1447.593778
Naive-diario,44825,0.8616843279419967,0.766090351366425,0.07060791968767428,18247.554429,1372.449192
Naive-semanal,44825,0.8566201896263246,0.7623201338538762,0.07500278862242052,29104.760465,2171.689821
