method,level,step,q
Analog-Prob,0.05,1,469.17721214955714
Analog-Prob,0.05,2,470.58588722556084
Analog-Prob,0.05,3,456.3897940538016
Analog-Prob,0.05,4,451.65473494653736
Analog-Prob,0.05,5,443.46431079219434
Analog-Prob,0.05,6,444.34868316874565
Analog-Prob,0.05,7,439.6639852036586
Analog-Prob,0.05,8,442.01359338204554
Analog-Prob,0.05,9,426.7721692487936
Analog-Prob,0.05,10,412.401548520909
Analog-Prob,0.05,11,413.032134476521
Analog-Prob,0.05,12,436.1142785663118
Analog-Prob,0.05,13,441.81451152100794
Analog-Prob,0.05,14,441.6729653591768
Analog-Prob,0.05,15,442.95065145451315
Analog-Prob,0.05,16,454.09357671074065
Analog-Prob,0.05,17,475.2651830276925
Analog-Prob,0.05,18,473.6000764582798
Analog-Prob,0.05,19,493.684062068299
Analog-Prob,0.05,20,510.055506776078
Analog-Prob,0.05,21,529.6252697442575
Analog-Prob,0.05,22,493.5979471629547
Analog-Prob,0.05,23,502.73096357788637
Analog-Prob,0.05,24,493.13354387057325
Analog-Prob,0.1,1,480.73618543237194
Analog-Prob,0.1,2,473.75906377004435
Analog-Prob,0.1,3,469.0015379078647
Analog-Prob,0.1,4,463.6368820300011
Analog-Prob,0.1,5,459.90192598578074
Analog-Prob,0.1,6,444.91122767069226
Analog-Prob,0.1,7,443.66157457240354
Analog-Prob,0.1,8,443.6769210172771
Analog-Prob,0.1,9,440.3163392581058
Analog-Prob,0.1,10,424.778409612937
Analog-Prob,0.1,11,427.45649285704377
Analog-Prob,0.1,12,439.19008046307124
Analog-Prob,0.1,13,452.81400451136943
Analog-Prob,0.1,14,455.57982097180525
Analog-Prob,0.1,15,465.7834319121567
Analog-Prob,0.1,16,469.4107008039725
Analog-Prob,0.1,17,479.7311823036512
Analog-Prob,0.1,18,491.5554844986744
Analog-Prob,0.1,19,497.9673403427308
Analog-Prob,0.1,20,536.2590043095281
Analog-Prob,0.1,21,548.3330298770576
Analog-Prob,0.1,22,506.0070013377907
Analog-Prob,0.1,23,512.5996230280688
Analog-Prob,0.1,24,495.10579629115034
Analog-Prob,0.15,1,485.7746004083563
Analog-Prob,0.15,2,477.1554186693908
Analog-Prob,0.15,3,472.76907686507036
Analog-Prob,0.15,4,470.8894157434979
Analog-Prob,0.15,5,461.17368713211107
Analog-Prob,0.15,6,458.1581535802034
Analog-Prob,0.15,7,449.9177528894081
Analog-Prob,0.15,8,454.3350484949413
Analog-Prob,0.15,9,446.67218962071905
Analog-Prob,0.15,10,438.1645303461616
Analog-Prob,0.15,11,439.644181813025
Analog-Prob,0.15,12,452.82877089081717
Analog-Prob,0.15,13,460.9397613316229
Analog-Prob,0.15,14,462.7123118352225
Analog-Prob,0.15,15,480.3845620232532
Analog-Prob,0.15,16,486.90317485549554
Analog-Prob,0.15,17,491.14339211439307
Analog-Prob,0.15,18,493.8310456489103
Analog-Prob,0.15,19,511.17211017041166
Analog-Prob,0.15,20,551.3606826546103
Analog-Prob,0.15,21,572.0557531749662
Analog-Prob,0.15,22,520.7315302876099
Analog-Prob,0.15,23,522.8527534024762
Analog-Prob,0.15,24,502.71110526318535
Analog-Prob,0.2,1,490.2071140698736
Analog-Prob,0.2,2,483.00522774176954
Analog-Prob,0.2,3,477.9871823526576
Analog-Prob,0.2,4,474.32163385572005
Analog-Prob,0.2,5,468.4273699034663
Analog-Prob,0.2,6,465.4974110222019
Analog-Prob,0.2,7,461.07247912959406
Analog-Prob,0.2,8,460.1254210464007
Analog-Prob,0.2,9,458.1956101607221
Analog-Prob,0.2,10,446.430164351783
Analog-Prob,0.2,11,451.4489754476797
Analog-Prob,0.2,12,459.12728820559926
Analog-Prob,0.2,13,466.9100630038365
Analog-Prob,0.2,14,466.1659152016807
Analog-Prob,0.2,15,484.1972682607708
Analog-Prob,0.2,16,490.74042837765205
Analog-Prob,0.2,17,495.2068343212112
Analog-Prob,0.2,18,509.6401860416806
Analog-Prob,0.2,19,530.5758636206274
Analog-Prob,0.2,20,555.584665523641
Analog-Prob,0.2,21,627.9338508992055
Analog-Prob,0.2,22,542.0580514152113
Analog-Prob,0.2,23,531.4169565827215
Analog-Prob,0.2,24,509.15158545557847
Analog-Prob,0.25,1,497.7629160773048
Analog-Prob,0.25,2,487.69137207665045
Analog-Prob,0.25,3,482.0633195352032
Analog-Prob,0.25,4,478.8069570860158
Analog-Prob,0.25,5,471.5385504242693
Analog-Prob,0.25,6,468.0183012821901
Analog-Prob,0.25,7,465.3247425541423
Analog-Prob,0.25,8,462.3071762133744
Analog-Prob,0.25,9,460.8123855111029
Analog-Prob,0.25,10,450.86989329473033
Analog-Prob,0.25,11,452.93831138190893
Analog-Prob,0.25,12,460.3929259678348
Analog-Prob,0.25,13,470.2758471120511
Analog-Prob,0.25,14,476.58894466216543
Analog-Prob,0.25,15,490.6476920670204
Analog-Prob,0.25,16,497.46244622971267
Analog-Prob,0.25,17,505.0521150740797
Analog-Prob,0.25,18,514.9176532158624
Analog-Prob,0.25,19,544.5344445074322
Analog-Prob,0.25,20,562.4847160409992
Analog-Prob,0.25,21,651.2165925596787
Analog-Prob,0.25,22,552.3379749903027
Analog-Prob,0.25,23,540.6315939095532
Analog-Prob,0.25,24,512.3086422708126
Analog-Prob,0.3,1,503.23406745813816
Analog-Prob,0.3,2,491.01825459557887
Analog-Prob,0.3,3,484.91777458326453
Analog-Prob,0.3,4,479.54536126696956
Analog-Prob,0.3,5,473.4811721216582
Analog-Prob,0.3,6,470.0761497344133
Analog-Prob,0.3,7,472.6401280757085
Analog-Prob,0.3,8,463.31450445399173
Analog-Prob,0.3,9,462.89637382652893
Analog-Prob,0.3,10,454.4698321916804
Analog-Prob,0.3,11,458.9812129852074
Analog-Prob,0.3,12,462.89204375955717
Analog-Prob,0.3,13,471.54444412415006
Analog-Prob,0.3,14,482.9981854733988
Analog-Prob,0.3,15,491.69984247028236
Analog-Prob,0.3,16,505.53302519232716
Analog-Prob,0.3,17,514.3648832767932
Analog-Prob,0.3,18,529.8329138932112
Analog-Prob,0.3,19,545.835344953205
Analog-Prob,0.3,20,589.6796322787585
Analog-Prob,0.3,21,708.4232413741772
Analog-Prob,0.3,22,560.9616178731482
Analog-Prob,0.3,23,547.8367691910495
Analog-Prob,0.3,24,528.586121718347
Analog-Prob,0.35,1,512.3558753316623
Analog-Prob,0.35,2,497.66252068505014
Analog-Prob,0.35,3,486.03128420659044
Analog-Prob,0.35,4,481.7035338287914
Analog-Prob,0.35,5,476.5324826444872
Analog-Prob,0.35,6,474.11682703341285
Analog-Prob,0.35,7,478.5260615350909
Analog-Prob,0.35,8,469.8115926576714
Analog-Prob,0.35,9,464.66467169829053
Analog-Prob,0.35,10,461.72280543023516
Analog-Prob,0.35,11,462.4368707331194
Analog-Prob,0.35,12,465.776243196222
Analog-Prob,0.35,13,477.77726817044163
Analog-Prob,0.35,14,487.1942098360551
Analog-Prob,0.35,15,494.64389037921165
Analog-Prob,0.35,16,512.6123101207538
Analog-Prob,0.35,17,525.7918811994939
Analog-Prob,0.35,18,536.5311945085755
Analog-Prob,0.35,19,553.6338656555928
Analog-Prob,0.35,20,602.9351257819806
Analog-Prob,0.35,21,715.5360481608624
Analog-Prob,0.35,22,570.121096501375
Analog-Prob,0.35,23,552.4459418432614
Analog-Prob,0.35,24,536.0885786680361
Analog-Prob,0.4,1,519.52523485324
Analog-Prob,0.4,2,500.3189974673448
Analog-Prob,0.4,3,490.6014132513127
Analog-Prob,0.4,4,483.7320519534983
Analog-Prob,0.4,5,480.4697914127637
Analog-Prob,0.4,6,480.1261648885297
Analog-Prob,0.4,7,481.75555338325114
Analog-Prob,0.4,8,472.4966864209444
Analog-Prob,0.4,9,465.486408612367
Analog-Prob,0.4,10,467.4693394323536
Analog-Prob,0.4,11,465.9642821992247
Analog-Prob,0.4,12,468.22810742694
Analog-Prob,0.4,13,479.37927918504556
Analog-Prob,0.4,14,489.67457636198986
Analog-Prob,0.4,15,496.814971376386
Analog-Prob,0.4,16,515.6396619716962
Analog-Prob,0.4,17,538.5501712202308
Analog-Prob,0.4,18,549.8427872423899
Analog-Prob,0.4,19,561.4759138742462
Analog-Prob,0.4,20,635.2595639907444
Analog-Prob,0.4,21,743.6721374815162
Analog-Prob,0.4,22,612.6544317115536
Analog-Prob,0.4,23,559.7708718491905
Analog-Prob,0.4,24,543.4157364835961
Analog-Prob,0.45,1,522.5973420684576
Analog-Prob,0.45,2,503.1967027863139
Analog-Prob,0.45,3,492.4204338094477
Analog-Prob,0.45,4,488.4905682556137
Analog-Prob,0.45,5,483.8078516702874
Analog-Prob,0.45,6,483.9800519921356
Analog-Prob,0.45,7,484.1792685207099
Analog-Prob,0.45,8,475.0869258473389
Analog-Prob,0.45,9,469.98057917733183
Analog-Prob,0.45,10,468.24065648484225
Analog-Prob,0.45,11,467.7319854152489
Analog-Prob,0.45,12,472.95316887333865
Analog-Prob,0.45,13,486.93428660953856
Analog-Prob,0.45,14,491.7661588566601
Analog-Prob,0.45,15,498.3254713666485
Analog-Prob,0.45,16,523.7187398769179
Analog-Prob,0.45,17,544.4919723635638
Analog-Prob,0.45,18,561.6522127032407
Analog-Prob,0.45,19,569.2021284694662
Analog-Prob,0.45,20,657.1578553309436
Analog-Prob,0.45,21,761.2768891148813
Analog-Prob,0.45,22,668.4372693542086
Analog-Prob,0.45,23,571.7753214120403
Analog-Prob,0.45,24,549.534373055929
Analog-Prob,0.5,1,523.6948892152914
Analog-Prob,0.5,2,509.148477614028
Analog-Prob,0.5,3,497.05965849678097
Analog-Prob,0.5,4,489.6142345322755
Analog-Prob,0.5,5,485.3227863777563
Analog-Prob,0.5,6,486.73085801516936
Analog-Prob,0.5,7,487.83092736673615
Analog-Prob,0.5,8,481.9943238493531
Analog-Prob,0.5,9,474.9735207624939
Analog-Prob,0.5,10,471.1870340895252
Analog-Prob,0.5,11,468.7360374895829
Analog-Prob,0.5,12,476.51839932320183
Analog-Prob,0.5,13,488.4756339476344
Analog-Prob,0.5,14,496.8919319352909
Analog-Prob,0.5,15,511.2861373422282
Analog-Prob,0.5,16,528.6457657461044
Analog-Prob,0.5,17,551.5919262808638
Analog-Prob,0.5,18,570.9357904619003
Analog-Prob,0.5,19,590.4920939850522
Analog-Prob,0.5,20,674.6285334465514
Analog-Prob,0.5,21,788.0227503594516
Analog-Prob,0.5,22,693.1845125454049
Analog-Prob,0.5,23,583.085190455816
Analog-Prob,0.5,24,555.2996450397181
Analog-Prob,0.55,1,525.2178710205816
Analog-Prob,0.55,2,512.3436242621234
Analog-Prob,0.55,3,498.8660285480471
Analog-Prob,0.55,4,492.749115227424
Analog-Prob,0.55,5,489.58634408331733
Analog-Prob,0.55,6,487.7949493182259
Analog-Prob,0.55,7,489.74022650743933
Analog-Prob,0.55,8,486.419423658124
Analog-Prob,0.55,9,478.04997423830207
Analog-Prob,0.55,10,473.8842554449369
Analog-Prob,0.55,11,472.7475869272674
Analog-Prob,0.55,12,484.41957543184986
Analog-Prob,0.55,13,490.68092368572366
Analog-Prob,0.55,14,500.666617654082
Analog-Prob,0.55,15,516.1240742600019
Analog-Prob,0.55,16,534.347302913219
Analog-Prob,0.55,17,573.3428942923648
Analog-Prob,0.55,18,591.1646474827772
Analog-Prob,0.55,19,601.6538640507243
Analog-Prob,0.55,20,699.2790903110791
Analog-Prob,0.55,21,795.5213986950242
Analog-Prob,0.55,22,704.8835200557921
Analog-Prob,0.55,23,596.0444816615465
Analog-Prob,0.55,24,559.640187044199
Analog-Prob,0.6,1,530.9124739412172
Analog-Prob,0.6,2,514.370694772988
Analog-Prob,0.6,3,514.6077984206506
Analog-Prob,0.6,4,494.9404282988957
Analog-Prob,0.6,5,490.66422024155327
Analog-Prob,0.6,6,489.4529541255217
Analog-Prob,0.6,7,490.5409556348153
Analog-Prob,0.6,8,487.7746886546011
Analog-Prob,0.6,9,481.4572336140506
Analog-Prob,0.6,10,477.1975111615903
Analog-Prob,0.6,11,476.13382858855584
Analog-Prob,0.6,12,487.9282957009939
Analog-Prob,0.6,13,494.869130398526
Analog-Prob,0.6,14,506.4488050129757
Analog-Prob,0.6,15,522.1955526919794
Analog-Prob,0.6,16,541.7083652047683
Analog-Prob,0.6,17,581.2770415932059
Analog-Prob,0.6,18,607.4986570778719
Analog-Prob,0.6,19,609.9154556714059
Analog-Prob,0.6,20,716.0710509903178
Analog-Prob,0.6,21,826.4567174314136
Analog-Prob,0.6,22,733.6517359369093
Analog-Prob,0.6,23,603.2287707719404
Analog-Prob,0.6,24,585.5842360015779
Analog-Prob,0.65,1,532.9726536175848
Analog-Prob,0.65,2,526.044664151844
Analog-Prob,0.65,3,522.0651777814195
Analog-Prob,0.65,4,503.46760300618763
Analog-Prob,0.65,5,498.3133104666796
Analog-Prob,0.65,6,491.2792865010507
Analog-Prob,0.65,7,493.39532158119187
Analog-Prob,0.65,8,492.5720747221471
Analog-Prob,0.65,9,483.5913133125749
Analog-Prob,0.65,10,481.3005817960033
Analog-Prob,0.65,11,481.965412034381
Analog-Prob,0.65,12,490.0157900609822
Analog-Prob,0.65,13,499.2961995413059
Analog-Prob,0.65,14,510.97124280861846
Analog-Prob,0.65,15,525.6863725227948
Analog-Prob,0.65,16,550.758398800535
Analog-Prob,0.65,17,594.1791342853325
Analog-Prob,0.65,18,622.707813882062
Analog-Prob,0.65,19,621.3263043887354
Analog-Prob,0.65,20,721.3198606346784
Analog-Prob,0.65,21,836.095002957146
Analog-Prob,0.65,22,745.6358761358032
Analog-Prob,0.65,23,611.4806134542056
Analog-Prob,0.65,24,597.1716855051862
Analog-Prob,0.7,1,537.3681504574794
Analog-Prob,0.7,2,535.5236021121617
Analog-Prob,0.7,3,530.1807224973898
Analog-Prob,0.7,4,513.5964195571287
Analog-Prob,0.7,5,500.9563578204049
Analog-Prob,0.7,6,493.94916464385585
Analog-Prob,0.7,7,496.7187647876086
Analog-Prob,0.7,8,496.1217894397673
Analog-Prob,0.7,9,484.6681130783002
Analog-Prob,0.7,10,485.52462943995124
Analog-Prob,0.7,11,485.95481169682165
Analog-Prob,0.7,12,499.45208478940697
Analog-Prob,0.7,13,504.60936515643016
Analog-Prob,0.7,14,516.2407171942722
Analog-Prob,0.7,15,529.3459152826183
Analog-Prob,0.7,16,572.4417603555737
Analog-Prob,0.7,17,597.4623890585916
Analog-Prob,0.7,18,629.6056510865948
Analog-Prob,0.7,19,635.716421416482
Analog-Prob,0.7,20,744.5933419733994
Analog-Prob,0.7,21,872.9238562252018
Analog-Prob,0.7,22,779.26309525383
Analog-Prob,0.7,23,623.6177962240984
Analog-Prob,0.7,24,609.5838645743138
Analog-Prob,0.75,1,548.0287345211916
Analog-Prob,0.75,2,540.6836151448057
Analog-Prob,0.75,3,532.9982017327026
Analog-Prob,0.75,4,522.4946610229068
Analog-Prob,0.75,5,503.67662853683987
Analog-Prob,0.75,6,498.77406827770477
Analog-Prob,0.75,7,500.68081344486615
Analog-Prob,0.75,8,500.02873132697835
Analog-Prob,0.75,9,486.0471046709264
Analog-Prob,0.75,10,496.17559889498807
Analog-Prob,0.75,11,488.73224221619216
Analog-Prob,0.75,12,504.9324422768285
Analog-Prob,0.75,13,511.1422175309277
Analog-Prob,0.75,14,524.184784673568
Analog-Prob,0.75,15,536.9938338340461
Analog-Prob,0.75,16,582.0176267624919
Analog-Prob,0.75,17,623.6503186348349
Analog-Prob,0.75,18,649.8116822812372
Analog-Prob,0.75,19,657.322106903656
Analog-Prob,0.75,20,751.682483759088
Analog-Prob,0.75,21,904.8437359372043
Analog-Prob,0.75,22,829.2249552244828
Analog-Prob,0.75,23,659.6047001867256
Analog-Prob,0.75,24,633.8354618778259
Analog-Prob,0.8,1,557.2728780671424
Analog-Prob,0.8,2,548.8774674084036
Analog-Prob,0.8,3,545.247337450077
Analog-Prob,0.8,4,523.7147621525831
Analog-Prob,0.8,5,510.94410378429353
Analog-Prob,0.8,6,509.3690169059239
Analog-Prob,0.8,7,520.7934525940891
Analog-Prob,0.8,8,513.9768191767148
Analog-Prob,0.8,9,495.74912246674455
Analog-Prob,0.8,10,511.2501331314976
Analog-Prob,0.8,11,517.1325745368936
Analog-Prob,0.8,12,513.1179607112208
Analog-Prob,0.8,13,514.8464259087489
Analog-Prob,0.8,14,528.4837681154952
Analog-Prob,0.8,15,544.1930078811461
Analog-Prob,0.8,16,589.1899677714001
Analog-Prob,0.8,17,635.3787888818031
Analog-Prob,0.8,18,663.2168740531412
Analog-Prob,0.8,19,681.5945306713311
Analog-Prob,0.8,20,763.0289836465392
Analog-Prob,0.8,21,946.1768631135385
Analog-Prob,0.8,22,862.5738682127089
Analog-Prob,0.8,23,691.1669337448142
Analog-Prob,0.8,24,650.8499185458866
Analog-Prob,0.85,1,576.764294880781
Analog-Prob,0.85,2,562.0165236995712
Analog-Prob,0.85,3,567.037202470515
Analog-Prob,0.85,4,528.8661532453904
Analog-Prob,0.85,5,522.2973368207538
Analog-Prob,0.85,6,516.2899391152671
Analog-Prob,0.85,7,525.639142557804
Analog-Prob,0.85,8,529.6446051326319
Analog-Prob,0.85,9,542.3863124871058
Analog-Prob,0.85,10,519.8379965675517
Analog-Prob,0.85,11,522.6159201309503
Analog-Prob,0.85,12,524.3479785619248
Analog-Prob,0.85,13,518.9208571392653
Analog-Prob,0.85,14,530.7048354548889
Analog-Prob,0.85,15,550.924223046802
Analog-Prob,0.85,16,600.3059550647787
Analog-Prob,0.85,17,652.1698925330472
Analog-Prob,0.85,18,689.2691579858033
Analog-Prob,0.85,19,724.694979531698
Analog-Prob,0.85,20,810.2364675103977
Analog-Prob,0.85,21,1064.9234038406655
Analog-Prob,0.85,22,930.7308181626044
Analog-Prob,0.85,23,719.5106900875596
Analog-Prob,0.85,24,664.7348904893739
Analog-Prob,0.9,1,587.3870906482093
Analog-Prob,0.9,2,582.4910385268577
Analog-Prob,0.9,3,570.5812967664265
Analog-Prob,0.9,4,554.6088773371663
Analog-Prob,0.9,5,532.1750780768389
Analog-Prob,0.9,6,536.2131251116774
Analog-Prob,0.9,7,531.221960115838
Analog-Prob,0.9,8,589.109527820292
Analog-Prob,0.9,9,596.3291013940097
Analog-Prob,0.9,10,547.8194005889175
Analog-Prob,0.9,11,545.7588301963392
Analog-Prob,0.9,12,531.0252321241157
Analog-Prob,0.9,13,528.8185474826937
Analog-Prob,0.9,14,534.8468697023584
Analog-Prob,0.9,15,576.5540642532117
Analog-Prob,0.9,16,614.9066018221127
Analog-Prob,0.9,17,664.565060330972
Analog-Prob,0.9,18,700.0769782776782
Analog-Prob,0.9,19,741.7425408769321
Analog-Prob,0.9,20,861.3203136910275
Analog-Prob,0.9,21,1268.8737138277456
Analog-Prob,0.9,22,1173.5306811652783
Analog-Prob,0.9,23,749.4714069806705
Analog-Prob,0.9,24,747.5583403075645
Analog-Prob,0.95,1,597.6795418901945
Analog-Prob,0.95,2,589.4633847838841
Analog-Prob,0.95,3,585.8633015821216
Analog-Prob,0.95,4,568.5514283290374
Analog-Prob,0.95,5,573.0813818317407
Analog-Prob,0.95,6,557.2736828338768
Analog-Prob,0.95,7,567.7574684650068
Analog-Prob,0.95,8,639.1928589007529
Analog-Prob,0.95,9,626.9651913421153
Analog-Prob,0.95,10,564.7983036953161
Analog-Prob,0.95,11,570.2520702035048
Analog-Prob,0.95,12,565.6517932333226
Analog-Prob,0.95,13,539.8195465326137
Analog-Prob,0.95,14,564.990979834318
Analog-Prob,0.95,15,600.3961758106407
Analog-Prob,0.95,16,641.1061931879383
Analog-Prob,0.95,17,711.8883009175778
Analog-Prob,0.95,18,756.4625547184793
Analog-Prob,0.95,19,828.9608270637489
Analog-Prob,0.95,20,945.0312665209506
Analog-Prob,0.95,21,1531.3373123225515
Analog-Prob,0.95,22,1454.1188261625316
Analog-Prob,0.95,23,777.8758877851996
Analog-Prob,0.95,24,841.6707472597275
Analog-Raw,0.05,1,427.7835
Analog-Raw,0.05,2,419.1975
Analog-Raw,0.05,3,402.545
Analog-Raw,0.05,4,391.65500000000003
Analog-Raw,0.05,5,387.4225
Analog-Raw,0.05,6,389.96700000000004
Analog-Raw,0.05,7,388.686
Analog-Raw,0.05,8,387.127
Analog-Raw,0.05,9,374.985
Analog-Raw,0.05,10,342.997
Analog-Raw,0.05,11,329.79749999999996
Analog-Raw,0.05,12,331.87149999999997
Analog-Raw,0.05,13,367.7835
Analog-Raw,0.05,14,383.6005
Analog-Raw,0.05,15,389.9275
Analog-Raw,0.05,16,401.042
Analog-Raw,0.05,17,414.8955
Analog-Raw,0.05,18,434.9875
Analog-Raw,0.05,19,453.1175
Analog-Raw,0.05,20,458.62350000000004
Analog-Raw,0.05,21,510.6295
Analog-Raw,0.05,22,516.663
Analog-Raw,0.05,23,482.9275
Analog-Raw,0.05,24,480.196
Analog-Raw,0.1,1,451.03400000000005
Analog-Raw,0.1,2,448.286
Analog-Raw,0.1,3,417.156
Analog-Raw,0.1,4,433.829
Analog-Raw,0.1,5,408.006
Analog-Raw,0.1,6,407.123
Analog-Raw,0.1,7,396.184
Analog-Raw,0.1,8,413.707
Analog-Raw,0.1,9,397.892
Analog-Raw,0.1,10,357.459
Analog-Raw,0.1,11,377.897
Analog-Raw,0.1,12,383.004
Analog-Raw,0.1,13,388.36199999999997
Analog-Raw,0.1,14,406.854
Analog-Raw,0.1,15,397.75600000000003
Analog-Raw,0.1,16,436.509
Analog-Raw,0.1,17,446.93
Analog-Raw,0.1,18,449.395
Analog-Raw,0.1,19,478.82800000000003
Analog-Raw,0.1,20,510.158
Analog-Raw,0.1,21,533.854
Analog-Raw,0.1,22,527.8290000000001
Analog-Raw,0.1,23,508.581
Analog-Raw,0.1,24,486.291
Analog-Raw,0.15,1,458.077
Analog-Raw,0.15,2,450.25149999999996
Analog-Raw,0.15,3,436.2635
Analog-Raw,0.15,4,442.0215
Analog-Raw,0.15,5,446.1755
Analog-Raw,0.15,6,427.4385
Analog-Raw,0.15,7,422.875
Analog-Raw,0.15,8,434.033
Analog-Raw,0.15,9,413.864
Analog-Raw,0.15,10,375.744
Analog-Raw,0.15,11,400.76599999999996
Analog-Raw,0.15,12,417.11499999999995
Analog-Raw,0.15,13,428.08349999999996
Analog-Raw,0.15,14,424.2415
Analog-Raw,0.15,15,436.43
Analog-Raw,0.15,16,455.3085
Analog-Raw,0.15,17,462.992
Analog-Raw,0.15,18,471.8345
Analog-Raw,0.15,19,499.762
Analog-Raw,0.15,20,559.9045
Analog-Raw,0.15,21,710.9445
Analog-Raw,0.15,22,550.014
Analog-Raw,0.15,23,530.193
Analog-Raw,0.15,24,523.8
Analog-Raw,0.2,1,477.944
Analog-Raw,0.2,2,463.59000000000003
Analog-Raw,0.2,3,454.39
Analog-Raw,0.2,4,460.82
Analog-Raw,0.2,5,460.646
Analog-Raw,0.2,6,449.528
Analog-Raw,0.2,7,447.77
Analog-Raw,0.2,8,447.138
Analog-Raw,0.2,9,437.016
Analog-Raw,0.2,10,415.882
Analog-Raw,0.2,11,421.124
Analog-Raw,0.2,12,430.57
Analog-Raw,0.2,13,442.06
Analog-Raw,0.2,14,434.774
Analog-Raw,0.2,15,441.914
Analog-Raw,0.2,16,465.61199999999997
Analog-Raw,0.2,17,486.17600000000004
Analog-Raw,0.2,18,511.62000000000006
Analog-Raw,0.2,19,518.704
Analog-Raw,0.2,20,598.8679999999999
Analog-Raw,0.2,21,814.284
Analog-Raw,0.2,22,628.936
Analog-Raw,0.2,23,558.15
Analog-Raw,0.2,24,530.4499999999999
Analog-Raw,0.25,1,488.21750000000003
Analog-Raw,0.25,2,475.65500000000003
Analog-Raw,0.25,3,461.8075
Analog-Raw,0.25,4,470.5975
Analog-Raw,0.25,5,474.235
Analog-Raw,0.25,6,473.765
Analog-Raw,0.25,7,454.9025
Analog-Raw,0.25,8,456.06
Analog-Raw,0.25,9,450.5
Analog-Raw,0.25,10,436.52750000000003
Analog-Raw,0.25,11,424.5375
Analog-Raw,0.25,12,439.28999999999996
Analog-Raw,0.25,13,458.065
Analog-Raw,0.25,14,461.6375
Analog-Raw,0.25,15,451.5725
Analog-Raw,0.25,16,477.5275
Analog-Raw,0.25,17,509.73
Analog-Raw,0.25,18,527.6475
Analog-Raw,0.25,19,547.555
Analog-Raw,0.25,20,643.5325
Analog-Raw,0.25,21,904.9375
Analog-Raw,0.25,22,689.425
Analog-Raw,0.25,23,565.03
Analog-Raw,0.25,24,539.1075000000001
Analog-Raw,0.3,1,512.465
Analog-Raw,0.3,2,507.89700000000005
Analog-Raw,0.3,3,476.899
Analog-Raw,0.3,4,485.903
Analog-Raw,0.3,5,486.431
Analog-Raw,0.3,6,494.324
Analog-Raw,0.3,7,462.495
Analog-Raw,0.3,8,468.531
Analog-Raw,0.3,9,466.40000000000003
Analog-Raw,0.3,10,472.968
Analog-Raw,0.3,11,436.66200000000003
Analog-Raw,0.3,12,479.046
Analog-Raw,0.3,13,466.09
Analog-Raw,0.3,14,482.3
Analog-Raw,0.3,15,476.52799999999996
Analog-Raw,0.3,16,499.594
Analog-Raw,0.3,17,525.734
Analog-Raw,0.3,18,538.932
Analog-Raw,0.3,19,557.428
Analog-Raw,0.3,20,715.113
Analog-Raw,0.3,21,1027.0549999999998
Analog-Raw,0.3,22,795.4039999999999
Analog-Raw,0.3,23,596.935
Analog-Raw,0.3,24,545.675
Analog-Raw,0.35,1,532.6335
Analog-Raw,0.35,2,529.549
Analog-Raw,0.35,3,518.365
Analog-Raw,0.35,4,510.728
Analog-Raw,0.35,5,504.6875
Analog-Raw,0.35,6,511.962
Analog-Raw,0.35,7,494.27349999999996
Analog-Raw,0.35,8,489.3565
Analog-Raw,0.35,9,475.6555
Analog-Raw,0.35,10,479.2695
Analog-Raw,0.35,11,470.04249999999996
Analog-Raw,0.35,12,487.1755
Analog-Raw,0.35,13,482.51550000000003
Analog-Raw,0.35,14,498.6695
Analog-Raw,0.35,15,502.34749999999997
Analog-Raw,0.35,16,524.5515
Analog-Raw,0.35,17,573.773
Analog-Raw,0.35,18,552.212
Analog-Raw,0.35,19,588.067
Analog-Raw,0.35,20,798.4659999999999
Analog-Raw,0.35,21,1099.1425
Analog-Raw,0.35,22,892.952
Analog-Raw,0.35,23,643.703
Analog-Raw,0.35,24,565.1084999999999
Analog-Raw,0.4,1,546.79
Analog-Raw,0.4,2,543.664
Analog-Raw,0.4,3,524.788
Analog-Raw,0.4,4,519.784
Analog-Raw,0.4,5,510.478
Analog-Raw,0.4,6,514.302
Analog-Raw,0.4,7,510.18000000000006
Analog-Raw,0.4,8,496.096
Analog-Raw,0.4,9,481.448
Analog-Raw,0.4,10,483.788
Analog-Raw,0.4,11,481.406
Analog-Raw,0.4,12,494.87800000000004
Analog-Raw,0.4,13,501.12399999999997
Analog-Raw,0.4,14,514.634
Analog-Raw,0.4,15,519.166
Analog-Raw,0.4,16,542.85
Analog-Raw,0.4,17,607.564
Analog-Raw,0.4,18,590.36
Analog-Raw,0.4,19,614.83
Analog-Raw,0.4,20,849.3340000000001
Analog-Raw,0.4,21,1143.9840000000002
Analog-Raw,0.4,22,920.236
Analog-Raw,0.4,23,679.7520000000001
Analog-Raw,0.4,24,648.014
Analog-Raw,0.45,1,562.9015
Analog-Raw,0.45,2,550.5455
Analog-Raw,0.45,3,546.9495000000001
Analog-Raw,0.45,4,524.216
Analog-Raw,0.45,5,524.07
Analog-Raw,0.45,6,518.1935000000001
Analog-Raw,0.45,7,517.601
Analog-Raw,0.45,8,506.229
Analog-Raw,0.45,9,493.58750000000003
Analog-Raw,0.45,10,488.06399999999996
Analog-Raw,0.45,11,490.4815
Analog-Raw,0.45,12,506.50600000000003
Analog-Raw,0.45,13,525.53
Analog-Raw,0.45,14,526.1065
Analog-Raw,0.45,15,534.2595
Analog-Raw,0.45,16,566.899
Analog-Raw,0.45,17,621.974
Analog-Raw,0.45,18,654.7255
Analog-Raw,0.45,19,714.0295
Analog-Raw,0.45,20,922.2625
Analog-Raw,0.45,21,1153.57
Analog-Raw,0.45,22,1002.5915
Analog-Raw,0.45,23,708.015
Analog-Raw,0.45,24,669.161
Analog-Raw,0.5,1,590.1949999999999
Analog-Raw,0.5,2,568.99
Analog-Raw,0.5,3,555.405
Analog-Raw,0.5,4,532.4200000000001
Analog-Raw,0.5,5,529.5450000000001
Analog-Raw,0.5,6,523.5
Analog-Raw,0.5,7,524.25
Analog-Raw,0.5,8,514.47
Analog-Raw,0.5,9,502.65
Analog-Raw,0.5,10,500.345
Analog-Raw,0.5,11,501.735
Analog-Raw,0.5,12,523.3199999999999
Analog-Raw,0.5,13,530.33
Analog-Raw,0.5,14,538.3499999999999
Analog-Raw,0.5,15,543.6949999999999
Analog-Raw,0.5,16,591.495
Analog-Raw,0.5,17,687.19
Analog-Raw,0.5,18,687.41
Analog-Raw,0.5,19,744.72
Analog-Raw,0.5,20,1012.0699999999999
Analog-Raw,0.5,21,1254.105
Analog-Raw,0.5,22,1089.425
Analog-Raw,0.5,23,749.57
Analog-Raw,0.5,24,696.03
Analog-Raw,0.55,1,612.719
Analog-Raw,0.55,2,583.2255
Analog-Raw,0.55,3,558.94
Analog-Raw,0.55,4,543.5870000000001
Analog-Raw,0.55,5,539.183
Analog-Raw,0.55,6,530.311
Analog-Raw,0.55,7,529.875
Analog-Raw,0.55,8,521.73
Analog-Raw,0.55,9,516.4335
Analog-Raw,0.55,10,507.00800000000004
Analog-Raw,0.55,11,522.41
Analog-Raw,0.55,12,529.3285000000001
Analog-Raw,0.55,13,545.591
Analog-Raw,0.55,14,555.5705
Analog-Raw,0.55,15,562.302
Analog-Raw,0.55,16,633.88
Analog-Raw,0.55,17,745.338
Analog-Raw,0.55,18,764.7260000000001
Analog-Raw,0.55,19,783.9655
Analog-Raw,0.55,20,1208.731
Analog-Raw,0.55,21,1349.537
Analog-Raw,0.55,22,1119.2160000000001
Analog-Raw,0.55,23,798.7600000000001
Analog-Raw,0.55,24,723.0175
Analog-Raw,0.6,1,659.7579999999999
Analog-Raw,0.6,2,605.7159999999999
Analog-Raw,0.6,3,562.758
Analog-Raw,0.6,4,554.62
Analog-Raw,0.6,5,549.3480000000001
Analog-Raw,0.6,6,545.1659999999999
Analog-Raw,0.6,7,534.3
Analog-Raw,0.6,8,529.112
Analog-Raw,0.6,9,519.806
Analog-Raw,0.6,10,514.154
Analog-Raw,0.6,11,525.7
Analog-Raw,0.6,12,542.396
Analog-Raw,0.6,13,550.924
Analog-Raw,0.6,14,569.8
Analog-Raw,0.6,15,598.31
Analog-Raw,0.6,16,650.826
Analog-Raw,0.6,17,775.432
Analog-Raw,0.6,18,812.77
Analog-Raw,0.6,19,817.08
Analog-Raw,0.6,20,1232.488
Analog-Raw,0.6,21,1460.6719999999998
Analog-Raw,0.6,22,1217.052
Analog-Raw,0.6,23,849.648
Analog-Raw,0.6,24,757.584
Analog-Raw,0.65,1,695.3880000000001
Analog-Raw,0.65,2,644.678
Analog-Raw,0.65,3,602.9695
Analog-Raw,0.65,4,571.08
Analog-Raw,0.65,5,555.7495
Analog-Raw,0.65,6,557.284
Analog-Raw,0.65,7,549.044
Analog-Raw,0.65,8,535.3885
Analog-Raw,0.65,9,525.452
Analog-Raw,0.65,10,524.45
Analog-Raw,0.65,11,536.6725
Analog-Raw,0.65,12,571.3915000000001
Analog-Raw,0.65,13,564.437
Analog-Raw,0.65,14,591.1805
Analog-Raw,0.65,15,635.7405
Analog-Raw,0.65,16,697.213
Analog-Raw,0.65,17,809.1965
Analog-Raw,0.65,18,945.3255000000001
Analog-Raw,0.65,19,914.415
Analog-Raw,0.65,20,1244.2345
Analog-Raw,0.65,21,1597.1090000000002
Analog-Raw,0.65,22,1251.4885000000002
Analog-Raw,0.65,23,964.5685000000001
Analog-Raw,0.65,24,857.7875
Analog-Raw,0.7,1,747.554
Analog-Raw,0.7,2,690.2519999999998
Analog-Raw,0.7,3,630.4889999999999
Analog-Raw,0.7,4,581.987
Analog-Raw,0.7,5,561.817
Analog-Raw,0.7,6,573.35
Analog-Raw,0.7,7,566.56
Analog-Raw,0.7,8,542.704
Analog-Raw,0.7,9,534.5949999999999
Analog-Raw,0.7,10,547.877
Analog-Raw,0.7,11,554.076
Analog-Raw,0.7,12,589.309
Analog-Raw,0.7,13,613.3629999999998
Analog-Raw,0.7,14,633.7749999999999
Analog-Raw,0.7,15,666.1589999999999
Analog-Raw,0.7,16,777.4529999999999
Analog-Raw,0.7,17,892.7829999999997
Analog-Raw,0.7,18,1069.6739999999998
Analog-Raw,0.7,19,1064.2229999999997
Analog-Raw,0.7,20,1352.6459999999993
Analog-Raw,0.7,21,1747.0059999999996
Analog-Raw,0.7,22,1299.495
Analog-Raw,0.7,23,1000.341
Analog-Raw,0.7,24,958.8059999999997
Analog-Raw,0.75,1,777.575
Analog-Raw,0.75,2,759.6025
Analog-Raw,0.75,3,692.185
Analog-Raw,0.75,4,662.405
Analog-Raw,0.75,5,578.01
Analog-Raw,0.75,6,608.43
Analog-Raw,0.75,7,596.9449999999999
Analog-Raw,0.75,8,574.0825
Analog-Raw,0.75,9,554.8
Analog-Raw,0.75,10,597.0825
Analog-Raw,0.75,11,566.075
Analog-Raw,0.75,12,624.24
Analog-Raw,0.75,13,661.2825
Analog-Raw,0.75,14,687.7425000000001
Analog-Raw,0.75,15,740.6075000000001
Analog-Raw,0.75,16,919.1025
Analog-Raw,0.75,17,1076.725
Analog-Raw,0.75,18,1216.1225
Analog-Raw,0.75,19,1209.345
Analog-Raw,0.75,20,1613.825
Analog-Raw,0.75,21,1941.795
Analog-Raw,0.75,22,1380.21
Analog-Raw,0.75,23,1046.24
Analog-Raw,0.75,24,1047.0125
Analog-Raw,0.8,1,865.5480000000002
Analog-Raw,0.8,2,835.0160000000004
Analog-Raw,0.8,3,753.7720000000002
Analog-Raw,0.8,4,709.7900000000003
Analog-Raw,0.8,5,648.3140000000002
Analog-Raw,0.8,6,704.296
Analog-Raw,0.8,7,711.398
Analog-Raw,0.8,8,644.4580000000001
Analog-Raw,0.8,9,583.878
Analog-Raw,0.8,10,614.4440000000001
Analog-Raw,0.8,11,603.8380000000001
Analog-Raw,0.8,12,739.2900000000002
Analog-Raw,0.8,13,727.3100000000004
Analog-Raw,0.8,14,828.4220000000008
Analog-Raw,0.8,15,950.420000000001
Analog-Raw,0.8,16,1171.6720000000003
Analog-Raw,0.8,17,1563.47
Analog-Raw,0.8,18,1316.2400000000002
Analog-Raw,0.8,19,1762.6120000000008
Analog-Raw,0.8,20,1851.6060000000002
Analog-Raw,0.8,21,2039.2900000000002
Analog-Raw,0.8,22,1686.5819999999999
Analog-Raw,0.8,23,1271.268
Analog-Raw,0.8,24,1133.7740000000003
Analog-Raw,0.85,1,1244.4005
Analog-Raw,0.85,2,1044.1345
Analog-Raw,0.85,3,1034.8069999999998
Analog-Raw,0.85,4,846.1619999999997
Analog-Raw,0.85,5,757.9409999999999
Analog-Raw,0.85,6,737.8565
Analog-Raw,0.85,7,752.938
Analog-Raw,0.85,8,700.7264999999999
Analog-Raw,0.85,9,668.8514999999998
Analog-Raw,0.85,10,663.2904999999998
Analog-Raw,0.85,11,670.7989999999998
Analog-Raw,0.85,12,799.3119999999999
Analog-Raw,0.85,13,1104.9044999999999
Analog-Raw,0.85,14,1246.1865
Analog-Raw,0.85,15,1310.9894999999997
Analog-Raw,0.85,16,1658.2694999999992
Analog-Raw,0.85,17,2140.47
Analog-Raw,0.85,18,1703.554999999999
Analog-Raw,0.85,19,2164.3525
Analog-Raw,0.85,20,2007.52
Analog-Raw,0.85,21,2151.9565
Analog-Raw,0.85,22,1779.5859999999998
Analog-Raw,0.85,23,1777.339
Analog-Raw,0.85,24,1299.8005
Analog-Raw,0.9,1,1608.2800000000007
Analog-Raw,0.9,2,1273.425
Analog-Raw,0.9,3,1320.912
Analog-Raw,0.9,4,1134.4350000000004
Analog-Raw,0.9,5,884.5510000000005
Analog-Raw,0.9,6,816.2110000000004
Analog-Raw,0.9,7,861.7250000000001
Analog-Raw,0.9,8,966.2070000000006
Analog-Raw,0.9,9,899.5520000000001
Analog-Raw,0.9,10,775.3320000000001
Analog-Raw,0.9,11,917.6150000000001
Analog-Raw,0.9,12,1000.787
Analog-Raw,0.9,13,1175.715
Analog-Raw,0.9,14,1353.9080000000006
Analog-Raw,0.9,15,1806.8930000000005
Analog-Raw,0.9,16,2213.41
Analog-Raw,0.9,17,2236.541
Analog-Raw,0.9,18,2473.0640000000008
Analog-Raw,0.9,19,2341.4790000000003
Analog-Raw,0.9,20,2123.2730000000006
Analog-Raw,0.9,21,3384.8160000000003
Analog-Raw,0.9,22,2170.626
Analog-Raw,0.9,23,2029.2420000000002
Analog-Raw,0.9,24,1644.4210000000007
Analog-Raw,0.95,1,2044.1739999999993
Analog-Raw,0.95,2,1609.765499999997
Analog-Raw,0.95,3,2126.515999999997
Analog-Raw,0.95,4,1513.3609999999956
Analog-Raw,0.95,5,1452.7799999999977
Analog-Raw,0.95,6,1152.3209999999992
Analog-Raw,0.95,7,1111.250999999999
Analog-Raw,0.95,8,1337.3659999999993
Analog-Raw,0.95,9,1167.4434999999983
Analog-Raw,0.95,10,1172.8699999999985
Analog-Raw,0.95,11,1372.8224999999989
Analog-Raw,0.95,12,1723.592999999999
Analog-Raw,0.95,13,1672.7014999999967
Analog-Raw,0.95,14,2104.3139999999976
Analog-Raw,0.95,15,2259.3294999999944
Analog-Raw,0.95,16,2441.437499999994
Analog-Raw,0.95,17,2475.4164999999994
Analog-Raw,0.95,18,3427.624999999992
Analog-Raw,0.95,19,2749.8669999999943
Analog-Raw,0.95,20,2488.5779999999963
Analog-Raw,0.95,21,5179.519999999991
Analog-Raw,0.95,22,2654.2759999999985
Analog-Raw,0.95,23,2435.6299999999974
Analog-Raw,0.95,24,3021.878999999994
SeasonalNaive,0.05,1,114.2014345202856
SeasonalNaive,0.05,2,97.8314345202856
SeasonalNaive,0.05,3,87.2114345202856
SeasonalNaive,0.05,4,85.69143452028561
SeasonalNaive,0.05,5,77.43143452028556
SeasonalNaive,0.05,6,91.91143452028558
SeasonalNaive,0.05,7,82.19143452028561
SeasonalNaive,0.05,8,75.85143452028558
SeasonalNaive,0.05,9,81.12143452028556
SeasonalNaive,0.05,10,93.43143452028556
SeasonalNaive,0.05,11,98.63143452028561
SeasonalNaive,0.05,12,108.69143452028561
SeasonalNaive,0.05,13,122.16143452028558
SeasonalNaive,0.05,14,127.37143452028556
SeasonalNaive,0.05,15,213.92143452028557
SeasonalNaive,0.05,16,399.8914345202856
SeasonalNaive,0.05,17,177.56143452028556
SeasonalNaive,0.05,18,180.09143452028553
SeasonalNaive,0.05,19,174.57143452028555
SeasonalNaive,0.05,20,176.97143452028564
SeasonalNaive,0.05,21,527.2714345202855
SeasonalNaive,0.05,22,207.19143452028555
SeasonalNaive,0.05,23,149.6514345202856
SeasonalNaive,0.05,24,126.7614345202856
SeasonalNaive,0.1,1,196.69017241541172
SeasonalNaive,0.1,2,180.32017241541172
SeasonalNaive,0.1,3,169.7001724154117
SeasonalNaive,0.1,4,168.18017241541173
SeasonalNaive,0.1,5,159.92017241541168
SeasonalNaive,0.1,6,174.4001724154117
SeasonalNaive,0.1,7,164.68017241541173
SeasonalNaive,0.1,8,158.3401724154117
SeasonalNaive,0.1,9,163.61017241541168
SeasonalNaive,0.1,10,175.92017241541168
SeasonalNaive,0.1,11,181.12017241541173
SeasonalNaive,0.1,12,191.18017241541173
SeasonalNaive,0.1,13,204.6501724154117
SeasonalNaive,0.1,14,209.86017241541168
SeasonalNaive,0.1,15,296.4101724154117
SeasonalNaive,0.1,16,482.3801724154117
SeasonalNaive,0.1,17,260.0501724154117
SeasonalNaive,0.1,18,262.58017241541165
SeasonalNaive,0.1,19,257.06017241541167
SeasonalNaive,0.1,20,259.46017241541176
SeasonalNaive,0.1,21,609.7601724154117
SeasonalNaive,0.1,22,289.6801724154117
SeasonalNaive,0.1,23,232.1401724154117
SeasonalNaive,0.1,24,209.25017241541173
SeasonalNaive,0.15,1,252.3449322570916
SeasonalNaive,0.15,2,235.9749322570916
SeasonalNaive,0.15,3,225.3549322570916
SeasonalNaive,0.15,4,223.83493225709162
SeasonalNaive,0.15,5,215.57493225709158
SeasonalNaive,0.15,6,230.0549322570916
SeasonalNaive,0.15,7,220.33493225709162
SeasonalNaive,0.15,8,213.9949322570916
SeasonalNaive,0.15,9,219.26493225709157
SeasonalNaive,0.15,10,231.57493225709158
SeasonalNaive,0.15,11,236.77493225709162
SeasonalNaive,0.15,12,246.83493225709162
SeasonalNaive,0.15,13,260.3049322570916
SeasonalNaive,0.15,14,265.5149322570916
SeasonalNaive,0.15,15,352.0649322570916
SeasonalNaive,0.15,16,538.0349322570917
SeasonalNaive,0.15,17,315.70493225709157
SeasonalNaive,0.15,18,318.23493225709154
SeasonalNaive,0.15,19,312.71493225709156
SeasonalNaive,0.15,20,315.11493225709165
SeasonalNaive,0.15,21,665.4149322570916
SeasonalNaive,0.15,22,345.33493225709157
SeasonalNaive,0.15,23,287.7949322570916
SeasonalNaive,0.15,24,264.9049322570916
SeasonalNaive,0.2,1,296.5775710874684
SeasonalNaive,0.2,2,280.2075710874684
SeasonalNaive,0.2,3,269.5875710874684
SeasonalNaive,0.2,4,268.0675710874684
SeasonalNaive,0.2,5,259.80757108746843
SeasonalNaive,0.2,6,274.28757108746845
SeasonalNaive,0.2,7,264.5675710874684
SeasonalNaive,0.2,8,258.2275710874684
SeasonalNaive,0.2,9,263.4975710874684
SeasonalNaive,0.2,10,275.80757108746843
SeasonalNaive,0.2,11,281.0075710874685
SeasonalNaive,0.2,12,291.0675710874684
SeasonalNaive,0.2,13,304.53757108746845
SeasonalNaive,0.2,14,309.7475710874684
SeasonalNaive,0.2,15,396.29757108746844
SeasonalNaive,0.2,16,582.2675710874685
SeasonalNaive,0.2,17,359.9375710874684
SeasonalNaive,0.2,18,362.4675710874684
SeasonalNaive,0.2,19,356.9475710874684
SeasonalNaive,0.2,20,359.3475710874685
SeasonalNaive,0.2,21,709.6475710874685
SeasonalNaive,0.2,22,389.5675710874684
SeasonalNaive,0.2,23,332.02757108746846
SeasonalNaive,0.2,24,309.1375710874685
SeasonalNaive,0.25,1,334.52523665508915
SeasonalNaive,0.25,2,318.15523665508914
SeasonalNaive,0.25,3,307.53523665508914
SeasonalNaive,0.25,4,306.01523665508915
SeasonalNaive,0.25,5,297.7552366550891
SeasonalNaive,0.25,6,312.2352366550891
SeasonalNaive,0.25,7,302.51523665508915
SeasonalNaive,0.25,8,296.1752366550891
SeasonalNaive,0.25,9,301.4452366550891
SeasonalNaive,0.25,10,313.7552366550891
SeasonalNaive,0.25,11,318.95523665508915
SeasonalNaive,0.25,12,329.01523665508915
SeasonalNaive,0.25,13,342.4852366550891
SeasonalNaive,0.25,14,347.6952366550891
SeasonalNaive,0.25,15,434.2452366550891
SeasonalNaive,0.25,16,620.2152366550891
SeasonalNaive,0.25,17,397.8852366550891
SeasonalNaive,0.25,18,400.4152366550891
SeasonalNaive,0.25,19,394.8952366550891
SeasonalNaive,0.25,20,397.2952366550892
SeasonalNaive,0.25,21,747.5952366550891
SeasonalNaive,0.25,22,427.5152366550891
SeasonalNaive,0.25,23,369.97523665508913
SeasonalNaive,0.25,24,347.08523665508915
SeasonalNaive,0.3,1,368.6034131567218
SeasonalNaive,0.3,2,352.2334131567218
SeasonalNaive,0.3,3,341.6134131567218
SeasonalNaive,0.3,4,340.0934131567218
SeasonalNaive,0.3,5,331.8334131567217
SeasonalNaive,0.3,6,346.3134131567217
SeasonalNaive,0.3,7,336.5934131567218
SeasonalNaive,0.3,8,330.25341315672176
SeasonalNaive,0.3,9,335.52341315672174
SeasonalNaive,0.3,10,347.8334131567217
SeasonalNaive,0.3,11,353.03341315672174
SeasonalNaive,0.3,12,363.0934131567218
SeasonalNaive,0.3,13,376.5634131567217
SeasonalNaive,0.3,14,381.77341315672174
SeasonalNaive,0.3,15,468.3234131567217
SeasonalNaive,0.3,16,654.2934131567217
SeasonalNaive,0.3,17,431.9634131567217
SeasonalNaive,0.3,18,434.49341315672166
SeasonalNaive,0.3,19,428.9734131567217
SeasonalNaive,0.3,20,431.37341315672177
SeasonalNaive,0.3,21,781.6734131567217
SeasonalNaive,0.3,22,461.5934131567217
SeasonalNaive,0.3,23,404.0534131567217
SeasonalNaive,0.3,24,381.16341315672173
SeasonalNaive,0.35,1,400.18192234903074
SeasonalNaive,0.35,2,383.81192234903074
SeasonalNaive,0.35,3,373.19192234903073
SeasonalNaive,0.35,4,371.67192234903075
SeasonalNaive,0.35,5,363.41192234903076
SeasonalNaive,0.35,6,377.8919223490308
SeasonalNaive,0.35,7,368.17192234903075
SeasonalNaive,0.35,8,361.8319223490307
SeasonalNaive,0.35,9,367.1019223490307
SeasonalNaive,0.35,10,379.41192234903076
SeasonalNaive,0.35,11,384.6119223490308
SeasonalNaive,0.35,12,394.67192234903075
SeasonalNaive,0.35,13,408.1419223490308
SeasonalNaive,0.35,14,413.3519223490307
SeasonalNaive,0.35,15,499.90192234903077
SeasonalNaive,0.35,16,685.8719223490308
SeasonalNaive,0.35,17,463.54192234903076
SeasonalNaive,0.35,18,466.07192234903073
SeasonalNaive,0.35,19,460.55192234903075
SeasonalNaive,0.35,20,462.95192234903084
SeasonalNaive,0.35,21,813.2519223490308
SeasonalNaive,0.35,22,493.17192234903075
SeasonalNaive,0.35,23,435.6319223490308
SeasonalNaive,0.35,24,412.7419223490308
SeasonalNaive,0.4,1,430.1468395033853
SeasonalNaive,0.4,2,413.7768395033853
SeasonalNaive,0.4,3,403.1568395033853
SeasonalNaive,0.4,4,401.6368395033853
SeasonalNaive,0.4,5,393.37683950338527
SeasonalNaive,0.4,6,407.8568395033853
SeasonalNaive,0.4,7,398.1368395033853
SeasonalNaive,0.4,8,391.7968395033853
SeasonalNaive,0.4,9,397.06683950338527
SeasonalNaive,0.4,10,409.37683950338527
SeasonalNaive,0.4,11,414.5768395033853
SeasonalNaive,0.4,12,424.6368395033853
SeasonalNaive,0.4,13,438.1068395033853
SeasonalNaive,0.4,14,443.31683950338527
SeasonalNaive,0.4,15,529.8668395033852
SeasonalNaive,0.4,16,715.8368395033852
SeasonalNaive,0.4,17,493.50683950338527
SeasonalNaive,0.4,18,496.03683950338524
SeasonalNaive,0.4,19,490.51683950338526
SeasonalNaive,0.4,20,492.91683950338535
SeasonalNaive,0.4,21,843.2168395033852
SeasonalNaive,0.4,22,523.1368395033852
SeasonalNaive,0.4,23,465.5968395033853
SeasonalNaive,0.4,24,442.7068395033853
SeasonalNaive,0.45,1,459.1382436313843
SeasonalNaive,0.45,2,442.7682436313843
SeasonalNaive,0.45,3,432.1482436313843
SeasonalNaive,0.45,4,430.6282436313843
SeasonalNaive,0.45,5,422.36824363138425
SeasonalNaive,0.45,6,436.84824363138426
SeasonalNaive,0.45,7,427.1282436313843
SeasonalNaive,0.45,8,420.78824363138426
SeasonalNaive,0.45,9,426.05824363138424
SeasonalNaive,0.45,10,438.36824363138425
SeasonalNaive,0.45,11,443.5682436313843
SeasonalNaive,0.45,12,453.6282436313843
SeasonalNaive,0.45,13,467.09824363138426
SeasonalNaive,0.45,14,472.30824363138424
SeasonalNaive,0.45,15,558.8582436313842
SeasonalNaive,0.45,16,744.8282436313842
SeasonalNaive,0.45,17,522.4982436313842
SeasonalNaive,0.45,18,525.0282436313842
SeasonalNaive,0.45,19,519.5082436313842
SeasonalNaive,0.45,20,521.9082436313843
SeasonalNaive,0.45,21,872.2082436313842
SeasonalNaive,0.45,22,552.1282436313842
SeasonalNaive,0.45,23,494.5882436313843
SeasonalNaive,0.45,24,471.6982436313843
SeasonalNaive,0.5,1,487.67
SeasonalNaive,0.5,2,471.3
SeasonalNaive,0.5,3,460.68
SeasonalNaive,0.5,4,459.16
SeasonalNaive,0.5,5,450.9
SeasonalNaive,0.5,6,465.38
SeasonalNaive,0.5,7,455.66
SeasonalNaive,0.5,8,449.32
SeasonalNaive,0.5,9,454.59
SeasonalNaive,0.5,10,466.9
SeasonalNaive,0.5,11,472.1
SeasonalNaive,0.5,12,482.16
SeasonalNaive,0.5,13,495.63
SeasonalNaive,0.5,14,500.84
SeasonalNaive,0.5,15,587.39
SeasonalNaive,0.5,16,773.36
SeasonalNaive,0.5,17,551.03
SeasonalNaive,0.5,18,553.56
SeasonalNaive,0.5,19,548.04
SeasonalNaive,0.5,20,550.44
SeasonalNaive,0.5,21,900.74
SeasonalNaive,0.5,22,580.66
SeasonalNaive,0.5,23,523.12
SeasonalNaive,0.5,24,500.23
SeasonalNaive,0.55,1,516.2017563686157
SeasonalNaive,0.55,2,499.83175636861574
SeasonalNaive,0.55,3,489.21175636861574
SeasonalNaive,0.55,4,487.69175636861576
SeasonalNaive,0.55,5,479.4317563686157
SeasonalNaive,0.55,6,493.9117563686157
SeasonalNaive,0.55,7,484.19175636861576
SeasonalNaive,0.55,8,477.8517563686157
SeasonalNaive,0.55,9,483.1217563686157
SeasonalNaive,0.55,10,495.4317563686157
SeasonalNaive,0.55,11,500.63175636861575
SeasonalNaive,0.55,12,510.69175636861576
SeasonalNaive,0.55,13,524.1617563686158
SeasonalNaive,0.55,14,529.3717563686157
SeasonalNaive,0.55,15,615.9217563686158
SeasonalNaive,0.55,16,801.8917563686158
SeasonalNaive,0.55,17,579.5617563686158
SeasonalNaive,0.55,18,582.0917563686157
SeasonalNaive,0.55,19,576.5717563686158
SeasonalNaive,0.55,20,578.9717563686158
SeasonalNaive,0.55,21,929.2717563686158
SeasonalNaive,0.55,22,609.1917563686158
SeasonalNaive,0.55,23,551.6517563686158
SeasonalNaive,0.55,24,528.7617563686158
SeasonalNaive,0.6,1,545.1931604966147
SeasonalNaive,0.6,2,528.8231604966147
SeasonalNaive,0.6,3,518.2031604966147
SeasonalNaive,0.6,4,516.6831604966147
SeasonalNaive,0.6,5,508.4231604966147
SeasonalNaive,0.6,6,522.9031604966148
SeasonalNaive,0.6,7,513.1831604966147
SeasonalNaive,0.6,8,506.8431604966147
SeasonalNaive,0.6,9,512.1131604966147
SeasonalNaive,0.6,10,524.4231604966147
SeasonalNaive,0.6,11,529.6231604966148
SeasonalNaive,0.6,12,539.6831604966147
SeasonalNaive,0.6,13,553.1531604966148
SeasonalNaive,0.6,14,558.3631604966147
SeasonalNaive,0.6,15,644.9131604966148
SeasonalNaive,0.6,16,830.8831604966148
SeasonalNaive,0.6,17,608.5531604966147
SeasonalNaive,0.6,18,611.0831604966147
SeasonalNaive,0.6,19,605.5631604966147
SeasonalNaive,0.6,20,607.9631604966148
SeasonalNaive,0.6,21,958.2631604966148
SeasonalNaive,0.6,22,638.1831604966147
SeasonalNaive,0.6,23,580.6431604966148
SeasonalNaive,0.6,24,557.7531604966148
SeasonalNaive,0.65,1,575.1580776509693
SeasonalNaive,0.65,2,558.7880776509693
SeasonalNaive,0.65,3,548.1680776509693
SeasonalNaive,0.65,4,546.6480776509693
SeasonalNaive,0.65,5,538.3880776509692
SeasonalNaive,0.65,6,552.8680776509692
SeasonalNaive,0.65,7,543.1480776509693
SeasonalNaive,0.65,8,536.8080776509693
SeasonalNaive,0.65,9,542.0780776509692
SeasonalNaive,0.65,10,554.3880776509692
SeasonalNaive,0.65,11,559.5880776509692
SeasonalNaive,0.65,12,569.6480776509693
SeasonalNaive,0.65,13,583.1180776509692
SeasonalNaive,0.65,14,588.3280776509692
SeasonalNaive,0.65,15,674.8780776509692
SeasonalNaive,0.65,16,860.8480776509692
SeasonalNaive,0.65,17,638.5180776509692
SeasonalNaive,0.65,18,641.0480776509692
SeasonalNaive,0.65,19,635.5280776509692
SeasonalNaive,0.65,20,637.9280776509693
SeasonalNaive,0.65,21,988.2280776509692
SeasonalNaive,0.65,22,668.1480776509692
SeasonalNaive,0.65,23,610.6080776509692
SeasonalNaive,0.65,24,587.7180776509692
SeasonalNaive,0.7,1,606.7365868432782
SeasonalNaive,0.7,2,590.3665868432782
SeasonalNaive,0.7,3,579.7465868432782
SeasonalNaive,0.7,4,578.2265868432783
SeasonalNaive,0.7,5,569.9665868432783
SeasonalNaive,0.7,6,584.4465868432783
SeasonalNaive,0.7,7,574.7265868432783
SeasonalNaive,0.7,8,568.3865868432782
SeasonalNaive,0.7,9,573.6565868432782
SeasonalNaive,0.7,10,585.9665868432783
SeasonalNaive,0.7,11,591.1665868432783
SeasonalNaive,0.7,12,601.2265868432783
SeasonalNaive,0.7,13,614.6965868432783
SeasonalNaive,0.7,14,619.9065868432782
SeasonalNaive,0.7,15,706.4565868432783
SeasonalNaive,0.7,16,892.4265868432783
SeasonalNaive,0.7,17,670.0965868432783
SeasonalNaive,0.7,18,672.6265868432782
SeasonalNaive,0.7,19,667.1065868432783
SeasonalNaive,0.7,20,669.5065868432783
SeasonalNaive,0.7,21,1019.8065868432783
SeasonalNaive,0.7,22,699.7265868432783
SeasonalNaive,0.7,23,642.1865868432783
SeasonalNaive,0.7,24,619.2965868432783
SeasonalNaive,0.75,1,640.814763344911
SeasonalNaive,0.75,2,624.4447633449108
SeasonalNaive,0.75,3,613.8247633449109
SeasonalNaive,0.75,4,612.304763344911
SeasonalNaive,0.75,5,604.0447633449108
SeasonalNaive,0.75,6,618.5247633449109
SeasonalNaive,0.75,7,608.804763344911
SeasonalNaive,0.75,8,602.4647633449108
SeasonalNaive,0.75,9,607.7347633449108
SeasonalNaive,0.75,10,620.0447633449108
SeasonalNaive,0.75,11,625.2447633449109
SeasonalNaive,0.75,12,635.304763344911
SeasonalNaive,0.75,13,648.7747633449109
SeasonalNaive,0.75,14,653.9847633449108
SeasonalNaive,0.75,15,740.5347633449109
SeasonalNaive,0.75,16,926.5047633449109
SeasonalNaive,0.75,17,704.1747633449108
SeasonalNaive,0.75,18,706.7047633449108
SeasonalNaive,0.75,19,701.1847633449108
SeasonalNaive,0.75,20,703.5847633449109
SeasonalNaive,0.75,21,1053.8847633449109
SeasonalNaive,0.75,22,733.8047633449108
SeasonalNaive,0.75,23,676.2647633449109
SeasonalNaive,0.75,24,653.3747633449109
SeasonalNaive,0.8,1,678.7624289125316
SeasonalNaive,0.8,2,662.3924289125316
SeasonalNaive,0.8,3,651.7724289125316
SeasonalNaive,0.8,4,650.2524289125316
SeasonalNaive,0.8,5,641.9924289125315
SeasonalNaive,0.8,6,656.4724289125315
SeasonalNaive,0.8,7,646.7524289125316
SeasonalNaive,0.8,8,640.4124289125316
SeasonalNaive,0.8,9,645.6824289125316
SeasonalNaive,0.8,10,657.9924289125315
SeasonalNaive,0.8,11,663.1924289125316
SeasonalNaive,0.8,12,673.2524289125316
SeasonalNaive,0.8,13,686.7224289125315
SeasonalNaive,0.8,14,691.9324289125316
SeasonalNaive,0.8,15,778.4824289125315
SeasonalNaive,0.8,16,964.4524289125316
SeasonalNaive,0.8,17,742.1224289125315
SeasonalNaive,0.8,18,744.6524289125315
SeasonalNaive,0.8,19,739.1324289125315
SeasonalNaive,0.8,20,741.5324289125316
SeasonalNaive,0.8,21,1091.8324289125317
SeasonalNaive,0.8,22,771.7524289125315
SeasonalNaive,0.8,23,714.2124289125315
SeasonalNaive,0.8,24,691.3224289125316
SeasonalNaive,0.85,1,722.9950677429084
SeasonalNaive,0.85,2,706.6250677429084
SeasonalNaive,0.85,3,696.0050677429084
SeasonalNaive,0.85,4,694.4850677429084
SeasonalNaive,0.85,5,686.2250677429083
SeasonalNaive,0.85,6,700.7050677429083
SeasonalNaive,0.85,7,690.9850677429084
SeasonalNaive,0.85,8,684.6450677429084
SeasonalNaive,0.85,9,689.9150677429084
SeasonalNaive,0.85,10,702.2250677429083
SeasonalNaive,0.85,11,707.4250677429084
SeasonalNaive,0.85,12,717.4850677429084
SeasonalNaive,0.85,13,730.9550677429083
SeasonalNaive,0.85,14,736.1650677429084
SeasonalNaive,0.85,15,822.7150677429083
SeasonalNaive,0.85,16,1008.6850677429084
SeasonalNaive,0.85,17,786.3550677429084
SeasonalNaive,0.85,18,788.8850677429084
SeasonalNaive,0.85,19,783.3650677429084
SeasonalNaive,0.85,20,785.7650677429085
SeasonalNaive,0.85,21,1136.0650677429085
SeasonalNaive,0.85,22,815.9850677429083
SeasonalNaive,0.85,23,758.4450677429083
SeasonalNaive,0.85,24,735.5550677429085
SeasonalNaive,0.9,1,778.6498275845884
SeasonalNaive,0.9,2,762.2798275845882
SeasonalNaive,0.9,3,751.6598275845884
SeasonalNaive,0.9,4,750.1398275845884
SeasonalNaive,0.9,5,741.8798275845883
SeasonalNaive,0.9,6,756.3598275845883
SeasonalNaive,0.9,7,746.6398275845884
SeasonalNaive,0.9,8,740.2998275845882
SeasonalNaive,0.9,9,745.5698275845882
SeasonalNaive,0.9,10,757.8798275845883
SeasonalNaive,0.9,11,763.0798275845883
SeasonalNaive,0.9,12,773.1398275845884
SeasonalNaive,0.9,13,786.6098275845883
SeasonalNaive,0.9,14,791.8198275845882
SeasonalNaive,0.9,15,878.3698275845883
SeasonalNaive,0.9,16,1064.3398275845884
SeasonalNaive,0.9,17,842.0098275845883
SeasonalNaive,0.9,18,844.5398275845882
SeasonalNaive,0.9,19,839.0198275845883
SeasonalNaive,0.9,20,841.4198275845883
SeasonalNaive,0.9,21,1191.7198275845883
SeasonalNaive,0.9,22,871.6398275845883
SeasonalNaive,0.9,23,814.0998275845883
SeasonalNaive,0.9,24,791.2098275845883
SeasonalNaive,0.95,1,861.1385654797144
SeasonalNaive,0.95,2,844.7685654797144
SeasonalNaive,0.95,3,834.1485654797144
SeasonalNaive,0.95,4,832.6285654797144
SeasonalNaive,0.95,5,824.3685654797143
SeasonalNaive,0.95,6,838.8485654797144
SeasonalNaive,0.95,7,829.1285654797144
SeasonalNaive,0.95,8,822.7885654797144
SeasonalNaive,0.95,9,828.0585654797144
SeasonalNaive,0.95,10,840.3685654797143
SeasonalNaive,0.95,11,845.5685654797144
SeasonalNaive,0.95,12,855.6285654797144
SeasonalNaive,0.95,13,869.0985654797144
SeasonalNaive,0.95,14,874.3085654797144
SeasonalNaive,0.95,15,960.8585654797143
SeasonalNaive,0.95,16,1146.8285654797144
SeasonalNaive,0.95,17,924.4985654797144
SeasonalNaive,0.95,18,927.0285654797144
SeasonalNaive,0.95,19,921.5085654797144
SeasonalNaive,0.95,20,923.9085654797145
SeasonalNaive,0.95,21,1274.2085654797145
SeasonalNaive,0.95,22,954.1285654797143
SeasonalNaive,0.95,23,896.5885654797144
SeasonalNaive,0.95,24,873.6985654797145
AutoARIMA,0.05,1,221.7805960750984
AutoARIMA,0.05,2,131.5631237385404
AutoARIMA,0.05,3,148.31650517208107
AutoARIMA,0.05,4,133.96562554654156
AutoARIMA,0.05,5,104.72076005121386
AutoARIMA,0.05,6,105.26193130084027
AutoARIMA,0.05,7,87.48904016452667
AutoARIMA,0.05,8,66.84791870888347
AutoARIMA,0.05,9,70.76830515472824
AutoARIMA,0.05,10,75.16855705792585
AutoARIMA,0.05,11,78.74614561755442
AutoARIMA,0.05,12,95.05204754666028
AutoARIMA,0.05,13,105.1590007284272
AutoARIMA,0.05,14,111.97096128070996
AutoARIMA,0.05,15,171.15692081793617
AutoARIMA,0.05,16,310.1102730062857
AutoARIMA,0.05,17,189.25109415703133
AutoARIMA,0.05,18,222.63848082585218
AutoARIMA,0.05,19,282.46049627170424
AutoARIMA,0.05,20,310.7332610749189
AutoARIMA,0.05,21,560.4993277939548
AutoARIMA,0.05,22,338.2176194862805
AutoARIMA,0.05,23,303.03599503777724
AutoARIMA,0.05,24,194.98770135442737
AutoARIMA,0.1,1,282.96257385996864
AutoARIMA,0.1,2,205.63515786108223
AutoARIMA,0.1,3,226.70715143490855
AutoARIMA,0.1,4,213.4971725012329
AutoARIMA,0.1,5,184.376153653458
AutoARIMA,0.1,6,185.01374524299155
AutoARIMA,0.1,7,167.31594487701443
AutoARIMA,0.1,8,146.73331698518166
AutoARIMA,0.1,9,150.69927669288188
AutoARIMA,0.1,10,155.1350405644326
AutoARIMA,0.1,11,158.7403041526993
AutoARIMA,0.1,12,175.0677755442345
AutoARIMA,0.1,13,185.19154075308637
AutoARIMA,0.1,14,192.01660590721002
AutoARIMA,0.1,15,251.21278061186166
AutoARIMA,0.1,16,390.1740958806411
AutoARIMA,0.1,17,269.32112468663377
AutoARIMA,0.1,18,302.71335065551796
AutoARIMA,0.1,19,362.53913873054324
AutoARIMA,0.1,20,390.81484464082234
AutoARIMA,0.1,21,640.5832042411091
AutoARIMA,0.1,22,418.3032834719992
AutoARIMA,0.1,23,383.1230526028888
AutoARIMA,0.1,24,275.0758453699598
AutoARIMA,0.15,1,324.2417638093294
AutoARIMA,0.15,2,255.61120762579029
AutoARIMA,0.15,3,279.59694830801027
AutoARIMA,0.15,4,267.1567296546969
AutoARIMA,0.15,5,238.1192695520627
AutoARIMA,0.15,6,238.82191548717495
AutoARIMA,0.15,7,221.17477850744964
AutoARIMA,0.15,8,200.63161594542092
AutoARIMA,0.15,9,204.62832371653548
AutoARIMA,0.15,10,209.08804734454054
AutoARIMA,0.15,11,212.71198314324198
AutoARIMA,0.15,12,229.054007348677
AutoARIMA,0.15,13,239.1891155523878
AutoARIMA,0.15,14,246.02302231915925
AutoARIMA,0.15,15,305.2260891487762
AutoARIMA,0.15,16,444.19277707011696
AutoARIMA,0.15,17,323.34399415163386
AutoARIMA,0.15,18,356.7394851732961
AutoARIMA,0.15,19,416.5678186233139
AutoARIMA,0.15,20,444.8455088845666
AutoARIMA,0.15,21,694.6154154809477
AutoARIMA,0.15,22,472.3367007556209
AutoARIMA,0.15,23,437.1574101279108
AutoARIMA,0.15,24,329.1109359179228
AutoARIMA,0.2,1,357.04915540413043
AutoARIMA,0.2,2,295.3305877057627
AutoARIMA,0.2,3,321.63208222207095
AutoARIMA,0.2,4,309.80364463769206
AutoARIMA,0.2,5,280.83259437682955
AutoARIMA,0.2,6,281.5869434435431
AutoARIMA,0.2,7,263.98007211714867
AutoARIMA,0.2,8,243.46827534817177
AutoARIMA,0.2,9,247.48942070535458
AutoARIMA,0.2,10,251.96818678824985
AutoARIMA,0.2,11,255.6069626678837
AutoARIMA,0.2,12,271.9605529884727
AutoARIMA,0.2,13,282.1046762449171
AutoARIMA,0.2,14,288.9456100451362
AutoARIMA,0.2,15,348.1541545171908
AutoARIMA,0.2,16,487.1251124524707
AutoARIMA,0.2,17,366.2796582426032
AutoARIMA,0.2,18,399.6777442247093
AutoARIMA,0.2,19,459.5081006580811
AutoARIMA,0.2,20,487.78736801858224
AutoARIMA,0.2,21,737.5585041184185
AutoARIMA,0.2,22,515.280747918458
AutoARIMA,0.2,23,480.10220456480675
AutoARIMA,0.2,24,372.056312938215
AutoARIMA,0.25,1,385.194976166931
AutoARIMA,0.25,2,329.40627913371566
AutoARIMA,0.25,3,357.69448424104036
AutoARIMA,0.25,4,346.390900339788
AutoARIMA,0.25,5,317.4768238099211
AutoARIMA,0.25,6,318.27552955981434
AutoARIMA,0.25,7,300.7032025786561
AutoARIMA,0.25,8,280.21831486725455
AutoARIMA,0.25,9,284.26042549732
AutoARIMA,0.25,10,288.75552831093876
AutoARIMA,0.25,11,292.4070356586267
AutoARIMA,0.25,12,308.7705486761514
AutoARIMA,0.25,13,318.92240604512574
AutoARIMA,0.25,14,325.76936841434406
AutoARIMA,0.25,15,384.98261221587154
AutoARIMA,0.25,16,523.957233442902
AutoARIMA,0.25,17,403.11463496863286
AutoARIMA,0.25,18,436.51494719574
AutoARIMA,0.25,19,496.3470391686998
AutoARIMA,0.25,20,524.6276595399286
AutoARIMA,0.25,21,774.3998504442523
AutoARIMA,0.25,22,552.1229165737075
AutoARIMA,0.25,23,516.94501431466
AutoARIMA,0.25,24,408.899622492748
AutoARIMA,0.3,1,410.47079309508604
AutoARIMA,0.3,2,360.00730318953504
AutoARIMA,0.3,3,390.07963580946466
AutoARIMA,0.3,4,379.2473867369449
AutoARIMA,0.3,5,350.3844743783593
AutoARIMA,0.3,6,351.2230138006489
AutoARIMA,0.3,7,333.68170870915054
AutoARIMA,0.3,8,313.2209861631111
AutoARIMA,0.3,9,317.2819242561841
AutoARIMA,0.3,10,321.7916979589004
AutoARIMA,0.3,11,325.4546385583835
AutoARIMA,0.3,12,341.82706246443036
AutoARIMA,0.3,13,351.98586530548937
AutoARIMA,0.3,14,358.83824151598964
AutoARIMA,0.3,15,418.0557054606228
AutoARIMA,0.3,16,557.033616436864
AutoARIMA,0.3,17,436.1935825014224
AutoARIMA,0.3,18,469.5958939653455
AutoARIMA,0.3,19,529.4295445064944
AutoARIMA,0.3,20,557.7113799231731
AutoARIMA,0.3,21,807.4845180745266
AutoARIMA,0.3,22,585.2083226812122
AutoARIMA,0.3,23,550.0309961449329
AutoARIMA,0.3,24,441.9860531630704
AutoARIMA,0.35,1,433.8926043287542
AutoARIMA,0.35,2,388.3637124414933
AutoARIMA,0.35,3,420.089305090003
AutoARIMA,0.35,4,409.69381797923535
AutoARIMA,0.35,5,380.8783168503276
AutoARIMA,0.35,6,381.75376810649635
AutoARIMA,0.35,7,364.24120941895364
AutoARIMA,0.35,8,343.8028794999517
AutoARIMA,0.35,9,347.8812640433542
AutoARIMA,0.35,10,352.4046325112189
AutoARIMA,0.35,11,356.0781677223854
AutoARIMA,0.35,12,372.4588488946358
AutoARIMA,0.35,13,382.6240877506635
AutoARIMA,0.35,14,389.4814806919352
AutoARIMA,0.35,15,448.70285522808274
AutoARIMA,0.35,16,587.6838146472384
AutoARIMA,0.35,17,466.8461571392132
AutoARIMA,0.35,18,500.25032119399214
AutoARIMA,0.35,19,560.0854159808412
AutoARIMA,0.35,20,588.3683773182074
AutoARIMA,0.35,21,838.142393235102
AutoARIMA,0.35,22,615.8668821509966
AutoARIMA,0.35,23,580.6900891076618
AutoARIMA,0.35,24,472.6455620429958
AutoARIMA,0.4,1,456.11761276559093
AutoARIMA,0.4,2,415.27117184229513
AutoARIMA,0.4,3,448.56554658527654
AutoARIMA,0.4,4,438.58450386516637
AutoARIMA,0.4,5,409.8139913568687
AutoARIMA,0.4,6,410.72446833377256
AutoARIMA,0.4,7,393.23918717246687
AutoARIMA,0.4,8,372.8221056667437
AutoARIMA,0.4,9,376.9170451854167
AutoARIMA,0.4,10,381.4533137559723
AutoARIMA,0.4,11,385.136902217577
AutoARIMA,0.4,12,401.5254187279748
AutoARIMA,0.4,13,411.6967647328285
AutoARIMA,0.4,14,418.5589180610151
AutoARIMA,0.4,15,477.7840033660922
AutoARIMA,0.4,16,616.7678554594657
AutoARIMA,0.4,17,495.9324529486674
AutoARIMA,0.4,18,529.3383749310033
AutoARIMA,0.4,19,589.1748401657889
AutoARIMA,0.4,20,617.4588698917834
AutoARIMA,0.4,21,867.2337187223395
AutoARIMA,0.4,22,644.958856980755
AutoARIMA,0.4,23,609.7825701700541
AutoARIMA,0.4,24,501.7384377701348
AutoARIMA,0.45,1,477.6205656361577
AutoARIMA,0.45,2,441.30445021006153
AutoARIMA,0.45,3,476.1166397848117
AutoARIMA,0.45,4,466.5365768089884
AutoARIMA,0.45,5,437.80959131178
AutoARIMA,0.45,6,438.75395607884457
AutoARIMA,0.45,7,421.2950662398534
AutoARIMA,0.45,8,400.8985428198833
AutoARIMA,0.45,9,405.00949946871975
AutoARIMA,0.45,10,409.55824903792046
AutoARIMA,0.45,11,413.25156413566935
AutoARIMA,0.45,12,429.64766142640235
AutoARIMA,0.45,13,439.8249161684227
AutoARIMA,0.45,14,446.691675226041
AutoARIMA,0.45,15,505.92035074300185
AutoARIMA,0.45,16,644.9070015321579
AutoARIMA,0.45,17,524.0737807572734
AutoARIMA,0.45,18,557.4814035548649
AutoARIMA,0.45,19,617.319194713889
AutoARIMA,0.45,20,645.6042581182458
AutoARIMA,0.45,21,895.3799128024089
AutoARIMA,0.45,22,673.1056793072278
AutoARIMA,0.45,23,637.9298822824588
AutoARIMA,0.45,24,529.8861317252495
AutoARIMA,0.5,1,498.7825973128615
AutoARIMA,0.5,2,466.92498078478167
AutoARIMA,0.5,3,503.2309208105793
AutoARIMA,0.5,4,494.0454801966889
AutoARIMA,0.5,5,465.3613316062537
AutoARIMA,0.5,6,466.3390468853688
AutoARIMA,0.5,7,448.9061299442476
AutoARIMA,0.5,8,428.52983866934795
AutoARIMA,0.5,9,432.6565585028004
AutoARIMA,0.5,10,437.2175911891281
AutoARIMA,0.5,11,440.92047871087993
AutoARIMA,0.5,12,457.32403659154
AutoARIMA,0.5,13,467.50710638993155
AutoARIMA,0.5,14,474.37839815488144
AutoARIMA,0.5,15,533.610606962273
AutoARIMA,0.5,16,672.6000120749472
AutoARIMA,0.5,17,551.7689384453779
AutoARIMA,0.5,18,585.1782350924418
AutoARIMA,0.5,19,645.0173311536767
AutoARIMA,0.5,20,673.3034118478157
AutoARIMA,0.5,21,923.0798596090812
AutoARIMA,0.5,22,700.8062443996943
AutoARIMA,0.5,23,665.6309293954864
AutoARIMA,0.5,24,557.587554627015
AutoARIMA,0.55,1,519.9446289895653
AutoARIMA,0.55,2,492.5455113595018
AutoARIMA,0.55,3,530.3452018363469
AutoARIMA,0.55,4,521.5543835843895
AutoARIMA,0.55,5,492.9130719007274
AutoARIMA,0.55,6,493.92413769189307
AutoARIMA,0.55,7,476.5171936486418
AutoARIMA,0.55,8,456.1611345188126
AutoARIMA,0.55,9,460.30361753688106
AutoARIMA,0.55,10,464.8769333403357
AutoARIMA,0.55,11,468.5893932860905
AutoARIMA,0.55,12,485.00041175667764
AutoARIMA,0.55,13,495.1892966114404
AutoARIMA,0.55,14,502.06512108372186
AutoARIMA,0.55,15,561.3008631815442
AutoARIMA,0.55,16,700.2930226177366
AutoARIMA,0.55,17,579.4640961334824
AutoARIMA,0.55,18,612.8750666300188
AutoARIMA,0.55,19,672.7154675934643
AutoARIMA,0.55,20,701.0025655773857
AutoARIMA,0.55,21,950.7798064157535
AutoARIMA,0.55,22,728.5068094921608
AutoARIMA,0.55,23,693.331976508514
AutoARIMA,0.55,24,585.2889775287806
AutoARIMA,0.6,1,541.4475818601321
AutoARIMA,0.6,2,518.5787897272683
AutoARIMA,0.6,3,557.896295035882
AutoARIMA,0.6,4,549.5064565282115
AutoARIMA,0.6,5,520.9086718556388
AutoARIMA,0.6,6,521.953625436965
AutoARIMA,0.6,7,504.5730727160283
AutoARIMA,0.6,8,484.2375716719522
AutoARIMA,0.6,9,488.3960718201841
AutoARIMA,0.6,10,492.98186862228386
AutoARIMA,0.6,11,496.70405520418285
AutoARIMA,0.6,12,513.1226544551052
AutoARIMA,0.6,13,523.3174480470346
AutoARIMA,0.6,14,530.1978782487478
AutoARIMA,0.6,15,589.4372105584538
AutoARIMA,0.6,16,728.4321686904287
AutoARIMA,0.6,17,607.6054239420884
AutoARIMA,0.6,18,641.0180952538803
AutoARIMA,0.6,19,700.8598221415645
AutoARIMA,0.6,20,729.147953803848
AutoARIMA,0.6,21,978.9260004958228
AutoARIMA,0.6,22,756.6536318186336
AutoARIMA,0.6,23,721.4792886209187
AutoARIMA,0.6,24,613.4366714838953
AutoARIMA,0.65,1,563.6725902969689
AutoARIMA,0.65,2,545.4862491280701
AutoARIMA,0.65,3,586.3725365311556
AutoARIMA,0.65,4,578.3971424141425
AutoARIMA,0.65,5,549.8443463621797
AutoARIMA,0.65,6,550.9243256642413
AutoARIMA,0.65,7,533.5710504695415
AutoARIMA,0.65,8,513.2567978387442
AutoARIMA,0.65,9,517.4318529622467
AutoARIMA,0.65,10,522.0305498670373
AutoARIMA,0.65,11,525.7627896993745
AutoARIMA,0.65,12,542.1892242884442
AutoARIMA,0.65,13,552.3901250291997
AutoARIMA,0.65,14,559.2753156178277
AutoARIMA,0.65,15,618.5183586964632
AutoARIMA,0.65,16,757.5162095026561
AutoARIMA,0.65,17,636.6917197515426
AutoARIMA,0.65,18,670.1061489908915
AutoARIMA,0.65,19,729.9492463265121
AutoARIMA,0.65,20,758.238446377424
AutoARIMA,0.65,21,1008.0173259830603
AutoARIMA,0.65,22,785.7456066483919
AutoARIMA,0.65,23,750.571769683311
AutoARIMA,0.65,24,642.5295472110342
AutoARIMA,0.7,1,587.094401530637
AutoARIMA,0.7,2,573.8426583800283
AutoARIMA,0.7,3,616.3822058116939
AutoARIMA,0.7,4,608.8435736564329
AutoARIMA,0.7,5,580.3381888341481
AutoARIMA,0.7,6,581.4550799700887
AutoARIMA,0.7,7,564.1305511793446
AutoARIMA,0.7,8,543.8386911755848
AutoARIMA,0.7,9,548.0311927494167
AutoARIMA,0.7,10,552.6434844193558
AutoARIMA,0.7,11,556.3863188633763
AutoARIMA,0.7,12,572.8210107186496
AutoARIMA,0.7,13,583.0283474743737
AutoARIMA,0.7,14,589.9185547937732
AutoARIMA,0.7,15,649.1655084639232
AutoARIMA,0.7,16,788.1664077130305
AutoARIMA,0.7,17,667.3442943893334
AutoARIMA,0.7,18,700.760576219538
AutoARIMA,0.7,19,760.6051178008589
AutoARIMA,0.7,20,788.8954437724583
AutoARIMA,0.7,21,1038.6752011436358
AutoARIMA,0.7,22,816.4041661181764
AutoARIMA,0.7,23,781.2308626460399
AutoARIMA,0.7,24,673.1890560909596
AutoARIMA,0.75,1,612.3702184587921
AutoARIMA,0.75,2,604.4436824358477
AutoARIMA,0.75,3,648.7673573801183
AutoARIMA,0.75,4,641.7000600535898
AutoARIMA,0.75,5,613.2458394025864
AutoARIMA,0.75,6,614.4025642109233
AutoARIMA,0.75,7,597.109057309839
AutoARIMA,0.75,8,576.8413624714414
AutoARIMA,0.75,9,581.0526915082808
AutoARIMA,0.75,10,585.6796540673174
AutoARIMA,0.75,11,589.4339217631332
AutoARIMA,0.75,12,605.8775245069286
AutoARIMA,0.75,13,616.0918067347374
AutoARIMA,0.75,14,622.9874278954188
AutoARIMA,0.75,15,682.2386017086744
AutoARIMA,0.75,16,821.2427907069925
AutoARIMA,0.75,17,700.423241922123
AutoARIMA,0.75,18,733.8415229891436
AutoARIMA,0.75,19,793.6876231386535
AutoARIMA,0.75,20,821.9791641557028
AutoARIMA,0.75,21,1071.75986877391
AutoARIMA,0.75,22,849.4895722256811
AutoARIMA,0.75,23,814.3168444763128
AutoARIMA,0.75,24,706.2754867612821
AutoARIMA,0.8,1,640.5160392215926
AutoARIMA,0.8,2,638.5193738638006
AutoARIMA,0.8,3,684.8297593990876
AutoARIMA,0.8,4,678.2873157556858
AutoARIMA,0.8,5,649.8900688356779
AutoARIMA,0.8,6,651.0911503271946
AutoARIMA,0.8,7,633.8321877713465
AutoARIMA,0.8,8,613.5914019905241
AutoARIMA,0.8,9,617.8236963002462
AutoARIMA,0.8,10,622.4669955900063
AutoARIMA,0.8,11,626.2339947538762
AutoARIMA,0.8,12,642.6875201946073
AutoARIMA,0.8,13,652.909536534946
AutoARIMA,0.8,14,659.8111862646267
AutoARIMA,0.8,15,719.0670594073551
AutoARIMA,0.8,16,858.0749116974238
AutoARIMA,0.8,17,737.2582186481526
AutoARIMA,0.8,18,770.6787259601743
AutoARIMA,0.8,19,830.5265616492723
AutoARIMA,0.8,20,858.8194556770492
AutoARIMA,0.8,21,1108.6012150997437
AutoARIMA,0.8,22,886.3317408809305
AutoARIMA,0.8,23,851.1596542261661
AutoARIMA,0.8,24,743.1187963158151
AutoARIMA,0.85,1,673.3234308163936
AutoARIMA,0.85,2,678.2387539437731
AutoARIMA,0.85,3,726.8648933131483
AutoARIMA,0.85,4,720.934230738681
AutoARIMA,0.85,5,692.6033936604447
AutoARIMA,0.85,6,693.8561782835627
AutoARIMA,0.85,7,676.6374813810455
AutoARIMA,0.85,8,656.428061393275
AutoARIMA,0.85,9,660.6847932890653
AutoARIMA,0.85,10,665.3471350337156
AutoARIMA,0.85,11,669.128974278518
AutoARIMA,0.85,12,685.594065834403
AutoARIMA,0.85,13,695.8250972274753
AutoARIMA,0.85,14,702.7337739906036
AutoARIMA,0.85,15,761.9951247757697
AutoARIMA,0.85,16,901.0072470797775
AutoARIMA,0.85,17,780.1938827391219
AutoARIMA,0.85,18,813.6169850115875
AutoARIMA,0.85,19,873.4668436840394
AutoARIMA,0.85,20,901.7613148110648
AutoARIMA,0.85,21,1151.5443037372147
AutoARIMA,0.85,22,929.2757880437676
AutoARIMA,0.85,23,894.104448663062
AutoARIMA,0.85,24,786.0641733361073
AutoARIMA,0.9,1,714.6026207657544
AutoARIMA,0.9,2,728.2148037084811
AutoARIMA,0.9,3,779.75469018625
AutoARIMA,0.9,4,774.593787892145
AutoARIMA,0.9,5,746.3465095590494
AutoARIMA,0.9,6,747.6643485277461
AutoARIMA,0.9,7,730.4963150114808
AutoARIMA,0.9,8,710.3263603535142
AutoARIMA,0.9,9,714.6138403127189
AutoARIMA,0.9,10,719.3001418138235
AutoARIMA,0.9,11,723.1006532690606
AutoARIMA,0.9,12,739.5802976388454
AutoARIMA,0.9,13,749.8226720267767
AutoARIMA,0.9,14,756.7401904025528
AutoARIMA,0.9,15,816.0084333126842
AutoARIMA,0.9,16,955.0259282692534
AutoARIMA,0.9,17,834.216752204122
AutoARIMA,0.9,18,867.6431195293657
AutoARIMA,0.9,19,927.49552357681
AutoARIMA,0.9,20,955.7919790548091
AutoARIMA,0.9,21,1205.5765149770532
AutoARIMA,0.9,22,983.3092053273893
AutoARIMA,0.9,23,948.1388061880841
AutoARIMA,0.9,24,840.0992638840703
AutoARIMA,0.95,1,775.7845985506247
AutoARIMA,0.95,2,802.2868378310229
AutoARIMA,0.95,3,858.1453364490775
AutoARIMA,0.95,4,854.1253348468363
AutoARIMA,0.95,5,826.0019031612935
AutoARIMA,0.95,6,827.4161624698974
AutoARIMA,0.95,7,810.3232197239686
AutoARIMA,0.95,8,790.2117586298125
AutoARIMA,0.95,9,794.5448118508725
AutoARIMA,0.95,10,799.2666253203304
AutoARIMA,0.95,11,803.0948118042054
AutoARIMA,0.95,12,819.5960256364197
AutoARIMA,0.95,13,829.855212051436
AutoARIMA,0.95,14,836.7858350290529
AutoARIMA,0.95,15,896.0642931066097
AutoARIMA,0.95,16,1035.0897511436087
AutoARIMA,0.95,17,914.2867827337245
AutoARIMA,0.95,18,947.7179893590314
AutoARIMA,0.95,19,1007.5741660356491
AutoARIMA,0.95,20,1035.8735626207126
AutoARIMA,0.95,21,1285.6603914242075
AutoARIMA,0.95,22,1063.394869313108
AutoARIMA,0.95,23,1028.2258637531957
AutoARIMA,0.95,24,920.1874078996027
Theta,0.05,1,246.83474145602594
Theta,0.05,2,115.14193101072078
Theta,0.05,3,-34.20136002744883
Theta,0.05,4,-22.50581576635615
Theta,0.05,5,-46.6769717892515
Theta,0.05,6,-149.53089292574725
Theta,0.05,7,-226.82113186885044
Theta,0.05,8,-206.50853869024343
Theta,0.05,9,-245.6530193986936
Theta,0.05,10,-237.08089412279455
Theta,0.05,11,-327.90579742699515
Theta,0.05,12,-328.94746199072375
Theta,0.05,13,-330.5986328568724
Theta,0.05,14,-391.1751784287645
Theta,0.05,15,-459.90152150183457
Theta,0.05,16,-493.54649215567025
Theta,0.05,17,-650.7598738589568
Theta,0.05,18,-666.3870338498002
Theta,0.05,19,-842.0887533801986
Theta,0.05,20,-1141.826965248581
Theta,0.05,21,-1205.7329585168368
Theta,0.05,22,-835.2704952067531
Theta,0.05,23,-848.4160247761279
Theta,0.05,24,-832.6545312024192
Theta,0.1,1,293.8340975856839
Theta,0.1,2,182.37025341609493
Theta,0.1,3,91.8010038933929
Theta,0.1,4,75.80509747720507
Theta,0.1,5,43.78515878843553
Theta,0.1,6,-2.7231169529461257
Theta,0.1,7,-48.923445067790965
Theta,0.1,8,-97.3801532268324
Theta,0.1,9,-131.27744404238885
Theta,0.1,10,-148.1643440664406
Theta,0.1,11,-193.12798154668621
Theta,0.1,12,-222.45106253167125
Theta,0.1,13,-229.39868328935353
Theta,0.1,14,-264.821753254836
Theta,0.1,15,-267.55687993810074
Theta,0.1,16,-303.9152913445813
Theta,0.1,17,-320.3532924301477
Theta,0.1,18,-424.3271174676204
Theta,0.1,19,-486.16267422095984
Theta,0.1,20,-710.2042609512911
Theta,0.1,21,-840.9659556612615
Theta,0.1,22,-620.1074620843552
Theta,0.1,23,-481.38950507442445
Theta,0.1,24,-527.8043587201676
Theta,0.15,1,320.972052101175
Theta,0.15,2,236.37470222133896
Theta,0.15,3,151.71132560697984
Theta,0.15,4,123.71181433831912
Theta,0.15,5,106.92631036301027
Theta,0.15,6,71.75498232538938
Theta,0.15,7,19.536461177999556
Theta,0.15,8,28.976796760725378
Theta,0.15,9,-43.58740958036834
Theta,0.15,10,-89.73050911592927
Theta,0.15,11,-130.51864650317407
Theta,0.15,12,-138.57211762600684
Theta,0.15,13,-155.36174454272575
Theta,0.15,14,-125.53414456711309
Theta,0.15,15,-170.26933372449426
Theta,0.15,16,-185.1238589461389
Theta,0.15,17,-222.57639724584467
Theta,0.15,18,-268.76366880204716
Theta,0.15,19,-299.3623908217797
Theta,0.15,20,-469.6959457256234
Theta,0.15,21,-596.524668079141
Theta,0.15,22,-363.25314994421365
Theta,0.15,23,-333.37572533346867
Theta,0.15,24,-400.91146761258784
Theta,0.2,1,357.74172355303614
Theta,0.2,2,270.51225202862173
Theta,0.2,3,207.2249809073725
Theta,0.2,4,173.8639396503141
Theta,0.2,5,146.78120161860033
Theta,0.2,6,107.88016756157273
Theta,0.2,7,106.37948402047628
Theta,0.2,8,75.4273160679551
Theta,0.2,9,47.88124382582587
Theta,0.2,10,32.582059177691235
Theta,0.2,11,19.42734528297609
Theta,0.2,12,-26.38713739352799
Theta,0.2,13,-17.359083592810546
Theta,0.2,14,-86.14036099912153
Theta,0.2,15,-105.49492348258522
Theta,0.2,16,-99.16496995910789
Theta,0.2,17,-110.01736539762639
Theta,0.2,18,-139.99116784405768
Theta,0.2,19,-180.46979342397321
Theta,0.2,20,-309.00211626188747
Theta,0.2,21,-374.896551632559
Theta,0.2,22,-279.293520772541
Theta,0.2,23,-236.298804606934
Theta,0.2,24,-267.49683542338613
Theta,0.25,1,385.4212472249293
Theta,0.25,2,309.57813738991786
Theta,0.25,3,241.02405260713329
Theta,0.25,4,227.9295921625752
Theta,0.25,5,188.06936654577848
Theta,0.25,6,164.24284382093947
Theta,0.25,7,168.00136695035684
Theta,0.25,8,126.63712869091394
Theta,0.25,9,124.73284564711231
Theta,0.25,10,84.5560937629001
Theta,0.25,11,83.88039049627646
Theta,0.25,12,64.09860889484446
Theta,0.25,13,68.91790897885227
Theta,0.25,14,-1.008455630061698
Theta,0.25,15,1.9942633749111627
Theta,0.25,16,-53.69679721813834
Theta,0.25,17,-24.729555175103638
Theta,0.25,18,-35.594086560521035
Theta,0.25,19,-56.510806897589525
Theta,0.25,20,-135.57746789596962
Theta,0.25,21,-270.33422849459515
Theta,0.25,22,-195.31321383447698
Theta,0.25,23,-143.82516710509984
Theta,0.25,24,-131.84038351335946
Theta,0.3,1,404.8319305526176
Theta,0.3,2,337.0424824886059
Theta,0.3,3,283.0270372636727
Theta,0.3,4,258.9060955843701
Theta,0.3,5,244.59150175042734
Theta,0.3,6,239.1766634527379
Theta,0.3,7,209.9166944383884
Theta,0.3,8,206.70489044937742
Theta,0.3,9,164.04336879167113
Theta,0.3,10,145.93826028432102
Theta,0.3,11,132.02955830640371
Theta,0.3,12,132.6420956824142
Theta,0.3,13,113.68648995654672
Theta,0.3,14,89.9405640790446
Theta,0.3,15,95.50891688558048
Theta,0.3,16,39.93084815473734
Theta,0.3,17,41.03612818748353
Theta,0.3,18,43.721619145916264
Theta,0.3,19,68.81749985823517
Theta,0.3,20,104.2076310142822
Theta,0.3,21,-123.83470899219321
Theta,0.3,22,-137.63167022904898
Theta,0.3,23,-43.1888740360109
Theta,0.3,24,2.1873492663312386
Theta,0.35,1,438.0247930366902
Theta,0.35,2,368.1812488499734
Theta,0.35,3,315.51910108229623
Theta,0.35,4,289.12693456291527
Theta,0.35,5,291.71916091465556
Theta,0.35,6,290.2601375317489
Theta,0.35,7,290.9639725748675
Theta,0.35,8,271.39116349901866
Theta,0.35,9,218.99824950896706
Theta,0.35,10,245.06654167856038
Theta,0.35,11,202.3186187220766
Theta,0.35,12,192.78394872835094
Theta,0.35,13,204.1991328653657
Theta,0.35,14,195.51093805205448
Theta,0.35,15,181.00431851293718
Theta,0.35,16,134.36548665589595
Theta,0.35,17,107.86485795532019
Theta,0.35,18,114.0731162871992
Theta,0.35,19,133.81931058490406
Theta,0.35,20,188.37660853913275
Theta,0.35,21,174.67903070567428
Theta,0.35,22,27.62311056380537
Theta,0.35,23,90.77605634573892
Theta,0.35,24,92.67675533879057
Theta,0.4,1,468.28408563486835
Theta,0.4,2,406.4444066276647
Theta,0.4,3,369.88850240085696
Theta,0.4,4,315.9424271284273
Theta,0.4,5,320.01006161817753
Theta,0.4,6,335.38730753786734
Theta,0.4,7,339.3315243418503
Theta,0.4,8,365.43804910372836
Theta,0.4,9,281.82144506630016
Theta,0.4,10,302.5760786002983
Theta,0.4,11,239.29660804372486
Theta,0.4,12,250.80619200881688
Theta,0.4,13,260.34374717614554
Theta,0.4,14,289.6592451273701
Theta,0.4,15,232.93002194727202
Theta,0.4,16,186.8533419597145
Theta,0.4,17,177.13671093264716
Theta,0.4,18,190.6512925761048
Theta,0.4,19,223.7233717939552
Theta,0.4,20,312.62068844204
Theta,0.4,21,382.0167262354418
Theta,0.4,22,220.8983802516074
Theta,0.4,23,167.884105172191
Theta,0.4,24,155.71304192754994
Theta,0.45,1,491.9037222086278
Theta,0.45,2,426.9721994663647
Theta,0.45,3,393.8308252240547
Theta,0.45,4,337.2286039840168
Theta,0.45,5,356.78446280345185
Theta,0.45,6,386.7974762502412
Theta,0.45,7,402.70464038016013
Theta,0.45,8,391.78773143644054
Theta,0.45,9,340.8467957015633
Theta,0.45,10,341.8589662885408
Theta,0.45,11,319.2268828592731
Theta,0.45,12,306.13681208455534
Theta,0.45,13,310.45261362659147
Theta,0.45,14,347.0380337162434
Theta,0.45,15,308.8727539281769
Theta,0.45,16,249.41605952271462
Theta,0.45,17,232.38094724349233
Theta,0.45,18,335.7642518032772
Theta,0.45,19,356.6908361196826
Theta,0.45,20,465.3483299338689
Theta,0.45,21,516.8029851325623
Theta,0.45,22,276.04162590806664
Theta,0.45,23,292.4082753172677
Theta,0.45,24,288.02286689932754
Theta,0.5,1,509.6028737650336
Theta,0.5,2,472.18692761660554
Theta,0.5,3,463.9580889017528
Theta,0.5,4,403.6947084318492
Theta,0.5,5,443.57519809911594
Theta,0.5,6,447.30459755103345
Theta,0.5,7,446.7346949598595
Theta,0.5,8,416.44737084452953
Theta,0.5,9,395.43542298552865
Theta,0.5,10,386.5464363193108
Theta,0.5,11,378.0048404904144
Theta,0.5,12,391.94558020244637
Theta,0.5,13,391.8845826220406
Theta,0.5,14,407.3358837098707
Theta,0.5,15,421.89253155691495
Theta,0.5,16,444.0817547820433
Theta,0.5,17,459.25591636508256
Theta,0.5,18,481.8711182869638
Theta,0.5,19,509.70704613637434
Theta,0.5,20,705.5180661426868
Theta,0.5,21,792.7015000707956
Theta,0.5,22,611.1371871385535
Theta,0.5,23,518.3757629601463
Theta,0.5,24,466.80353035007647
Theta,0.55,1,539.7788054613536
Theta,0.55,2,488.38787840602095
Theta,0.55,3,477.0077700929633
Theta,0.55,4,450.7396619500845
Theta,0.55,5,448.1759163676378
Theta,0.55,6,498.6262195762604
Theta,0.55,7,494.39233967269035
Theta,0.55,8,444.2248519107688
Theta,0.55,9,451.4973016540934
Theta,0.55,10,448.54803853187997
Theta,0.55,11,464.9697070758497
Theta,0.55,12,403.3230069799446
Theta,0.55,13,399.37495464961677
Theta,0.55,14,443.7345122209258
Theta,0.55,15,442.5065401024255
Theta,0.55,16,478.48184771658333
Theta,0.55,17,498.1893113711105
Theta,0.55,18,514.0407155253166
Theta,0.55,19,538.7504959591946
Theta,0.55,20,748.784041944174
Theta,0.55,21,828.1266051089082
Theta,0.55,22,657.9213972980384
Theta,0.55,23,535.4189975158821
Theta,0.55,24,498.7931709361095
Theta,0.6,1,573.7137870314363
Theta,0.6,2,504.2149730616358
Theta,0.6,3,520.4340723766637
Theta,0.6,4,467.0289753604632
Theta,0.6,5,495.9730907513578
Theta,0.6,6,523.5284774273457
Theta,0.6,7,555.117205848384
Theta,0.6,8,468.7079398994772
Theta,0.6,9,514.0016795223186
Theta,0.6,10,487.93078249510154
Theta,0.6,11,501.3306838944662
Theta,0.6,12,470.54648146707166
Theta,0.6,13,461.94304443001414
Theta,0.6,14,494.9243158580323
Theta,0.6,15,491.44195739002197
Theta,0.6,16,564.5990341190778
Theta,0.6,17,555.0735937256641
Theta,0.6,18,622.8803737113326
Theta,0.6,19,657.9967719546861
Theta,0.6,20,912.4774574656151
Theta,0.6,21,968.7554214959521
Theta,0.6,22,843.7136376672934
Theta,0.6,23,663.564629138432
Theta,0.6,24,623.2042428503618
Theta,0.65,1,585.6447884729668
Theta,0.65,2,535.2453464004802
Theta,0.65,3,549.6786192287303
Theta,0.65,4,513.8399995818392
Theta,0.65,5,527.6167915217862
Theta,0.65,6,557.3677541452878
Theta,0.65,7,602.876423160075
Theta,0.65,8,520.7501564645285
Theta,0.65,9,541.1645438642325
Theta,0.65,10,527.0838914760401
Theta,0.65,11,532.1025732358324
Theta,0.65,12,540.9393028864231
Theta,0.65,13,528.4948844659314
Theta,0.65,14,541.5032253542463
Theta,0.65,15,548.8032299371772
Theta,0.65,16,629.8009465772335
Theta,0.65,17,627.9679203654986
Theta,0.65,18,693.1479655190267
Theta,0.65,19,745.0800354379434
Theta,0.65,20,1084.7823831234787
Theta,0.65,21,1086.0878854591808
Theta,0.65,22,938.1375393875505
Theta,0.65,23,787.3426069551937
Theta,0.65,24,805.921333718231
Theta,0.7,1,622.3116221252715
Theta,0.7,2,574.5251020765993
Theta,0.7,3,584.7260123024295
Theta,0.7,4,553.5397638702763
Theta,0.7,5,579.6944017579684
Theta,0.7,6,619.745215180351
Theta,0.7,7,625.4141752903497
Theta,0.7,8,574.7944107189444
Theta,0.7,9,594.1466819173108
Theta,0.7,10,557.4093907758597
Theta,0.7,11,580.348807236206
Theta,0.7,12,615.8142664706653
Theta,0.7,13,609.4751710055497
Theta,0.7,14,584.9857494331528
Theta,0.7,15,654.806476147346
Theta,0.7,16,716.2687930639156
Theta,0.7,17,726.7167775218519
Theta,0.7,18,757.6820492048209
Theta,0.7,19,809.5010669701202
Theta,0.7,20,1304.9540781647509
Theta,0.7,21,1304.125119682006
Theta,0.7,22,1028.7164269817738
Theta,0.7,23,926.4212000945521
Theta,0.7,24,888.7958462607605
Theta,0.75,1,651.7131761050675
Theta,0.75,2,609.5126022734723
Theta,0.75,3,622.5046464766377
Theta,0.75,4,598.9936594564494
Theta,0.75,5,613.0471594303168
Theta,0.75,6,662.3796478989933
Theta,0.75,7,700.5904472036032
Theta,0.75,8,607.8536154527826
Theta,0.75,9,625.5615396162884
Theta,0.75,10,612.7710581022748
Theta,0.75,11,629.8839310492774
Theta,0.75,12,672.7700928616173
Theta,0.75,13,675.6413290932283
Theta,0.75,14,684.3414735396753
Theta,0.75,15,697.5500342117023
Theta,0.75,16,820.1543024875303
Theta,0.75,17,832.4530137616911
Theta,0.75,18,869.7692678903837
Theta,0.75,19,921.3623391604812
Theta,0.75,20,1373.5180689239485
Theta,0.75,21,1479.299959991089
Theta,0.75,22,1168.5929770711305
Theta,0.75,23,1017.5262303722227
Theta,0.75,24,977.8799380249794
Theta,0.8,1,676.3390335081143
Theta,0.8,2,648.6640658197722
Theta,0.8,3,675.5167857157729
Theta,0.8,4,653.414354173664
Theta,0.8,5,667.3427823809924
Theta,0.8,6,708.655759050545
Theta,0.8,7,751.1014600630918
Theta,0.8,8,702.7628422471379
Theta,0.8,9,687.6243807875572
Theta,0.8,10,672.1084717657556
Theta,0.8,11,700.9405452970631
Theta,0.8,12,758.1051513657455
Theta,0.8,13,759.2026411415641
Theta,0.8,14,795.6728786010328
Theta,0.8,15,818.4606247827134
Theta,0.8,16,854.2452813752086
Theta,0.8,17,902.7097363590406
Theta,0.8,18,1002.2083115246218
Theta,0.8,19,1071.9765322225487
Theta,0.8,20,1518.6540185787262
Theta,0.8,21,1633.547777155434
Theta,0.8,22,1308.128023052523
Theta,0.8,23,1177.6153908089939
Theta,0.8,24,1055.017607158115
Theta,0.85,1,717.2419410375403
Theta,0.85,2,708.3029528677646
Theta,0.85,3,721.3425302968258
Theta,0.85,4,707.8994376820787
Theta,0.85,5,726.8472393868485
Theta,0.85,6,819.6031700661648
Theta,0.85,7,819.9667063590052
Theta,0.85,8,782.2384734829338
Theta,0.85,9,762.8698362341229
Theta,0.85,10,782.2194300609885
Theta,0.85,11,760.094576634681
Theta,0.85,12,822.149298533058
Theta,0.85,13,829.36148054152
Theta,0.85,14,864.8417880237606
Theta,0.85,15,898.661028771812
Theta,0.85,16,934.4596520006509
Theta,0.85,17,1036.956174941455
Theta,0.85,18,1140.2885911873734
Theta,0.85,19,1139.0274399329248
Theta,0.85,20,1771.0192727803603
Theta,0.85,21,1883.5269530861756
Theta,0.85,22,1475.6262563951404
Theta,0.85,23,1336.554544204205
Theta,0.85,24,1192.7974249370209
Theta,0.9,1,771.5489933769055
Theta,0.9,2,760.5433397993811
Theta,0.9,3,815.3184422654508
Theta,0.9,4,743.7264055586226
Theta,0.9,5,848.2862310349597
Theta,0.9,6,912.0275392442094
Theta,0.9,7,916.4283992317967
Theta,0.9,8,939.0667562918715
Theta,0.9,9,896.3861532691344
Theta,0.9,10,859.4508027564575
Theta,0.9,11,833.9355316921386
Theta,0.9,12,907.4081567779339
Theta,0.9,13,960.0433973011154
Theta,0.9,14,953.6937616823409
Theta,0.9,15,1018.3527244628966
Theta,0.9,16,1086.7386842552608
Theta,0.9,17,1167.0391880823588
Theta,0.9,18,1284.2901134173455
Theta,0.9,19,1342.356032734105
Theta,0.9,20,2016.9674941217459
Theta,0.9,21,2281.110216083159
Theta,0.9,22,1742.7566986976606
Theta,0.9,23,1556.364177011179
Theta,0.9,24,1483.0885854612236
Theta,0.95,1,841.0371109151381
Theta,0.95,2,838.4861591798824
Theta,0.95,3,863.8727107056127
Theta,0.95,4,868.1525796766741
Theta,0.95,5,934.6379377280358
Theta,0.95,6,1006.3438499222881
Theta,0.95,7,1028.383780006911
Theta,0.95,8,1022.4709073115096
Theta,0.95,9,991.3237929761357
Theta,0.95,10,915.3298624036486
Theta,0.95,11,952.4148303165016
Theta,0.95,12,1037.5734695739875
Theta,0.95,13,1033.989354025413
Theta,0.95,14,1126.9828509841836
Theta,0.95,15,1171.2153132599233
Theta,0.95,16,1317.113652431291
Theta,0.95,17,1321.905119217078
Theta,0.95,18,1448.9972725391845
Theta,0.95,19,1626.5528150774608
Theta,0.95,20,2424.1130757510955
Theta,0.95,21,2580.8711438269534
Theta,0.95,22,2081.3238246479855
Theta,0.95,23,1797.3658423642098
Theta,0.95,24,1845.540035381823
LGBM-Quantile,0.05,1,450.4021354751081
LGBM-Quantile,0.05,2,434.7004979006371
LGBM-Quantile,0.05,3,413.8430142728494
LGBM-Quantile,0.05,4,405.8583064181532
LGBM-Quantile,0.05,5,405.69478477880045
LGBM-Quantile,0.05,6,409.3627454700014
LGBM-Quantile,0.05,7,417.48853662864116
LGBM-Quantile,0.05,8,414.66772987174573
LGBM-Quantile,0.05,9,414.98626713927223
LGBM-Quantile,0.05,10,417.44312264112057
LGBM-Quantile,0.05,11,420.51058236398507
LGBM-Quantile,0.05,12,427.07175687825355
LGBM-Quantile,0.05,13,440.1387124554964
LGBM-Quantile,0.05,14,443.6821715642354
LGBM-Quantile,0.05,15,458.8478262112803
LGBM-Quantile,0.05,16,472.2768655323396
LGBM-Quantile,0.05,17,478.6381228637837
LGBM-Quantile,0.05,18,493.71321772903957
LGBM-Quantile,0.05,19,513.0804464020482
LGBM-Quantile,0.05,20,526.1914546753354
LGBM-Quantile,0.05,21,526.8754731479662
LGBM-Quantile,0.05,22,522.8911209264003
LGBM-Quantile,0.05,23,508.37644976499956
LGBM-Quantile,0.05,24,464.8114570724574
LGBM-Quantile,0.1,1,468.8028468829702
LGBM-Quantile,0.1,2,439.097910094053
LGBM-Quantile,0.1,3,426.9400088193187
LGBM-Quantile,0.1,4,423.38223926791494
LGBM-Quantile,0.1,5,423.3013801179675
LGBM-Quantile,0.1,6,432.12697054787105
LGBM-Quantile,0.1,7,437.0577210866203
LGBM-Quantile,0.1,8,434.55351789739314
LGBM-Quantile,0.1,9,434.6563346242944
LGBM-Quantile,0.1,10,434.6531945526422
LGBM-Quantile,0.1,11,436.68412290600475
LGBM-Quantile,0.1,12,438.3712340501201
LGBM-Quantile,0.1,13,447.5381793529029
LGBM-Quantile,0.1,14,454.2294770074176
LGBM-Quantile,0.1,15,462.93132018801697
LGBM-Quantile,0.1,16,472.87472184236174
LGBM-Quantile,0.1,17,483.7842189611903
LGBM-Quantile,0.1,18,494.7599086792406
LGBM-Quantile,0.1,19,518.9423328683453
LGBM-Quantile,0.1,20,542.4028951888395
LGBM-Quantile,0.1,21,542.4028951888395
LGBM-Quantile,0.1,22,530.6238568196806
LGBM-Quantile,0.1,23,510.7002259773513
LGBM-Quantile,0.1,24,481.5961601277245
LGBM-Quantile,0.15,1,472.2326782868424
LGBM-Quantile,0.15,2,445.5142851868574
LGBM-Quantile,0.15,3,430.4991055350492
LGBM-Quantile,0.15,4,426.73358640553516
LGBM-Quantile,0.15,5,426.37950706419144
LGBM-Quantile,0.15,6,434.2365686797665
LGBM-Quantile,0.15,7,437.9555141704172
LGBM-Quantile,0.15,8,443.5611252462174
LGBM-Quantile,0.15,9,443.8411520225918
LGBM-Quantile,0.15,10,442.62896371074095
LGBM-Quantile,0.15,11,442.6238807519377
LGBM-Quantile,0.15,12,445.4901304111391
LGBM-Quantile,0.15,13,448.86402969287116
LGBM-Quantile,0.15,14,456.3954320676922
LGBM-Quantile,0.15,15,465.3302484216584
LGBM-Quantile,0.15,16,475.96993369884063
LGBM-Quantile,0.15,17,501.09850239080487
LGBM-Quantile,0.15,18,517.9169552660983
LGBM-Quantile,0.15,19,535.280340806297
LGBM-Quantile,0.15,20,548.9643709562141
LGBM-Quantile,0.15,21,548.9926792946251
LGBM-Quantile,0.15,22,542.248896586055
LGBM-Quantile,0.15,23,513.7586410746761
LGBM-Quantile,0.15,24,482.4089850968045
LGBM-Quantile,0.2,1,473.3863596497352
LGBM-Quantile,0.2,2,446.61579613312267
LGBM-Quantile,0.2,3,433.9003376191424
LGBM-Quantile,0.2,4,429.17972886304796
LGBM-Quantile,0.2,5,429.10666424756556
LGBM-Quantile,0.2,6,436.98576434892146
LGBM-Quantile,0.2,7,443.2806313052709
LGBM-Quantile,0.2,8,446.0431639755153
LGBM-Quantile,0.2,9,443.9605373321834
LGBM-Quantile,0.2,10,444.2599927210232
LGBM-Quantile,0.2,11,444.955243435505
LGBM-Quantile,0.2,12,449.46243322695204
LGBM-Quantile,0.2,13,458.3707796808146
LGBM-Quantile,0.2,14,466.4704178935243
LGBM-Quantile,0.2,15,474.4069549257947
LGBM-Quantile,0.2,16,483.03522863044486
LGBM-Quantile,0.2,17,501.65335323411125
LGBM-Quantile,0.2,18,521.63564573428
LGBM-Quantile,0.2,19,558.988124263123
LGBM-Quantile,0.2,20,585.6787637122527
LGBM-Quantile,0.2,21,585.7998150257862
LGBM-Quantile,0.2,22,545.5083642043677
LGBM-Quantile,0.2,23,525.1352611109684
LGBM-Quantile,0.2,24,484.3217728752341
LGBM-Quantile,0.25,1,475.4813627341239
LGBM-Quantile,0.25,2,447.7011487966475
LGBM-Quantile,0.25,3,434.99726228235335
LGBM-Quantile,0.25,4,432.4574597641092
LGBM-Quantile,0.25,5,433.02994779434675
LGBM-Quantile,0.25,6,438.21670490404654
LGBM-Quantile,0.25,7,446.1402939001262
LGBM-Quantile,0.25,8,447.00128474223055
LGBM-Quantile,0.25,9,447.0207098458167
LGBM-Quantile,0.25,10,445.96076196758764
LGBM-Quantile,0.25,11,455.3790976247038
LGBM-Quantile,0.25,12,469.0593315292276
LGBM-Quantile,0.25,13,472.90769439932285
LGBM-Quantile,0.25,14,474.67906251218346
LGBM-Quantile,0.25,15,474.6452920353329
LGBM-Quantile,0.25,16,485.7773514869058
LGBM-Quantile,0.25,17,503.2241717520247
LGBM-Quantile,0.25,18,540.2540814003808
LGBM-Quantile,0.25,19,560.4226715499194
LGBM-Quantile,0.25,20,595.7616494211617
LGBM-Quantile,0.25,21,595.7616494211617
LGBM-Quantile,0.25,22,559.4639568749546
LGBM-Quantile,0.25,23,540.5340102702986
LGBM-Quantile,0.25,24,486.0732272220339
LGBM-Quantile,0.3,1,476.56523256617953
LGBM-Quantile,0.3,2,450.2286963949545
LGBM-Quantile,0.3,3,435.8791742214281
LGBM-Quantile,0.3,4,435.25860302620663
LGBM-Quantile,0.3,5,435.3513750955882
LGBM-Quantile,0.3,6,438.4120528290902
LGBM-Quantile,0.3,7,453.5313259733218
LGBM-Quantile,0.3,8,455.74489182909804
LGBM-Quantile,0.3,9,457.5950348932329
LGBM-Quantile,0.3,10,453.8422965827363
LGBM-Quantile,0.3,11,459.82020897045516
LGBM-Quantile,0.3,12,470.8788408209389
LGBM-Quantile,0.3,13,472.9340311700462
LGBM-Quantile,0.3,14,482.8079011750581
LGBM-Quantile,0.3,15,480.29576885008805
LGBM-Quantile,0.3,16,487.8184370981335
LGBM-Quantile,0.3,17,506.2437667499825
LGBM-Quantile,0.3,18,541.8497855273732
LGBM-Quantile,0.3,19,570.1132950898186
LGBM-Quantile,0.3,20,600.293936615303
LGBM-Quantile,0.3,21,601.0503046000159
LGBM-Quantile,0.3,22,584.3457169305549
LGBM-Quantile,0.3,23,545.5039931326081
LGBM-Quantile,0.3,24,489.1881598880838
LGBM-Quantile,0.35,1,483.2856514134886
LGBM-Quantile,0.35,2,455.0990300333183
LGBM-Quantile,0.35,3,437.233939405569
LGBM-Quantile,0.35,4,437.8127495941724
LGBM-Quantile,0.35,5,438.10449850072945
LGBM-Quantile,0.35,6,442.462911837916
LGBM-Quantile,0.35,7,455.27207137340883
LGBM-Quantile,0.35,8,456.33863117877195
LGBM-Quantile,0.35,9,458.9031872900544
LGBM-Quantile,0.35,10,458.32761990510477
LGBM-Quantile,0.35,11,463.0165957446226
LGBM-Quantile,0.35,12,471.01052429635683
LGBM-Quantile,0.35,13,473.3059322792585
LGBM-Quantile,0.35,14,483.3568183430066
LGBM-Quantile,0.35,15,484.3750590795617
LGBM-Quantile,0.35,16,497.16907218978696
LGBM-Quantile,0.35,17,509.0257812661646
LGBM-Quantile,0.35,18,545.8845072518233
LGBM-Quantile,0.35,19,571.4222467586243
LGBM-Quantile,0.35,20,626.2395614008748
LGBM-Quantile,0.35,21,631.8042433102996
LGBM-Quantile,0.35,22,589.1185834682651
LGBM-Quantile,0.35,23,545.9838023173841
LGBM-Quantile,0.35,24,507.1137438802133
LGBM-Quantile,0.4,1,484.4755842427093
LGBM-Quantile,0.4,2,464.5827590178841
LGBM-Quantile,0.4,3,456.76199683730346
LGBM-Quantile,0.4,4,451.31908467274434
LGBM-Quantile,0.4,5,451.53595337274555
LGBM-Quantile,0.4,6,453.021873977796
LGBM-Quantile,0.4,7,462.8323138087828
LGBM-Quantile,0.4,8,463.31252542512465
LGBM-Quantile,0.4,9,460.8034617237257
LGBM-Quantile,0.4,10,461.3208442755131
LGBM-Quantile,0.4,11,464.18823490449574
LGBM-Quantile,0.4,12,471.9316661112341
LGBM-Quantile,0.4,13,474.4036348939761
LGBM-Quantile,0.4,14,488.6705339046539
LGBM-Quantile,0.4,15,484.9457514051502
LGBM-Quantile,0.4,16,497.3216801565478
LGBM-Quantile,0.4,17,514.5215156001167
LGBM-Quantile,0.4,18,546.7059550194255
LGBM-Quantile,0.4,19,579.6438910093837
LGBM-Quantile,0.4,20,649.4262623137852
LGBM-Quantile,0.4,21,653.385183329778
LGBM-Quantile,0.4,22,596.3130758572258
LGBM-Quantile,0.4,23,546.0435388994811
LGBM-Quantile,0.4,24,508.20941971590605
LGBM-Quantile,0.45,1,490.0342714764557
LGBM-Quantile,0.45,2,472.3184799955544
LGBM-Quantile,0.45,3,457.779662786295
LGBM-Quantile,0.45,4,453.8412166115911
LGBM-Quantile,0.45,5,453.8122969091796
LGBM-Quantile,0.45,6,455.72803854827515
LGBM-Quantile,0.45,7,465.0823708814891
LGBM-Quantile,0.45,8,464.44685227569823
LGBM-Quantile,0.45,9,463.6029212275903
LGBM-Quantile,0.45,10,463.4604422057085
LGBM-Quantile,0.45,11,466.22424472051324
LGBM-Quantile,0.45,12,474.4036348939761
LGBM-Quantile,0.45,13,474.6661560545033
LGBM-Quantile,0.45,14,491.10846034388527
LGBM-Quantile,0.45,15,494.9218092797109
LGBM-Quantile,0.45,16,498.31251086183994
LGBM-Quantile,0.45,17,514.6994450338949
LGBM-Quantile,0.45,18,546.7789166944274
LGBM-Quantile,0.45,19,581.4652355789782
LGBM-Quantile,0.45,20,665.6427304543926
LGBM-Quantile,0.45,21,673.4383636369605
LGBM-Quantile,0.45,22,609.41939893241
LGBM-Quantile,0.45,23,547.0405137803873
LGBM-Quantile,0.45,24,509.1573236378589
LGBM-Quantile,0.5,1,490.8298289789605
LGBM-Quantile,0.5,2,472.39597649496653
LGBM-Quantile,0.5,3,460.0361286357149
LGBM-Quantile,0.5,4,454.2193713856673
LGBM-Quantile,0.5,5,454.74270736794665
LGBM-Quantile,0.5,6,458.26792768958825
LGBM-Quantile,0.5,7,465.24406008985545
LGBM-Quantile,0.5,8,465.2553550314651
LGBM-Quantile,0.5,9,465.33936586965035
LGBM-Quantile,0.5,10,466.7022037898697
LGBM-Quantile,0.5,11,466.7022037898697
LGBM-Quantile,0.5,12,475.4754238444995
LGBM-Quantile,0.5,13,476.71341795141825
LGBM-Quantile,0.5,14,493.28762465761343
LGBM-Quantile,0.5,15,495.74757807473145
LGBM-Quantile,0.5,16,499.5644720684275
LGBM-Quantile,0.5,17,517.1266956101258
LGBM-Quantile,0.5,18,549.5005654962132
LGBM-Quantile,0.5,19,592.6062645282183
LGBM-Quantile,0.5,20,725.3883863348004
LGBM-Quantile,0.5,21,728.7751099315844
LGBM-Quantile,0.5,22,612.0799601421683
LGBM-Quantile,0.5,23,554.2193603466442
LGBM-Quantile,0.5,24,513.9661591019383
LGBM-Quantile,0.55,1,497.8584086299512
LGBM-Quantile,0.55,2,472.4319851184444
LGBM-Quantile,0.55,3,461.1571335730069
LGBM-Quantile,0.55,4,454.63430962113404
LGBM-Quantile,0.55,5,455.02236281745087
LGBM-Quantile,0.55,6,461.84317806195236
LGBM-Quantile,0.55,7,465.9389735577606
LGBM-Quantile,0.55,8,466.27856010054705
LGBM-Quantile,0.55,9,467.16882013249494
LGBM-Quantile,0.55,10,471.00998643128196
LGBM-Quantile,0.55,11,473.2588172238257
LGBM-Quantile,0.55,12,475.88046869103783
LGBM-Quantile,0.55,13,479.18592909451274
LGBM-Quantile,0.55,14,494.7257142720851
LGBM-Quantile,0.55,15,496.67365356302093
LGBM-Quantile,0.55,16,501.3049233136058
LGBM-Quantile,0.55,17,524.052247129412
LGBM-Quantile,0.55,18,552.6063694153036
LGBM-Quantile,0.55,19,636.08527439473
LGBM-Quantile,0.55,20,739.4720966277657
LGBM-Quantile,0.55,21,739.5950170019373
LGBM-Quantile,0.55,22,614.0764490656773
LGBM-Quantile,0.55,23,560.5256253129717
LGBM-Quantile,0.55,24,517.1121480400325
LGBM-Quantile,0.6,1,498.07358031975
LGBM-Quantile,0.6,2,472.4518722727804
LGBM-Quantile,0.6,3,463.064065940468
LGBM-Quantile,0.6,4,455.87215999709844
LGBM-Quantile,0.6,5,455.5708469457807
LGBM-Quantile,0.6,6,469.2797879400135
LGBM-Quantile,0.6,7,473.8955297306665
LGBM-Quantile,0.6,8,476.0261761121009
LGBM-Quantile,0.6,9,472.2912986563383
LGBM-Quantile,0.6,10,473.1737147650326
LGBM-Quantile,0.6,11,474.83539803760624
LGBM-Quantile,0.6,12,478.07793649547136
LGBM-Quantile,0.6,13,481.56297988626204
LGBM-Quantile,0.6,14,496.6380056094899
LGBM-Quantile,0.6,15,497.50452477183876
LGBM-Quantile,0.6,16,509.1594966115838
LGBM-Quantile,0.6,17,528.8853882929503
LGBM-Quantile,0.6,18,577.723742380179
LGBM-Quantile,0.6,19,670.634338981679
LGBM-Quantile,0.6,20,756.9829714930457
LGBM-Quantile,0.6,21,759.292075330853
LGBM-Quantile,0.6,22,623.2550166850342
LGBM-Quantile,0.6,23,574.3624688065835
LGBM-Quantile,0.6,24,518.9627841976704
LGBM-Quantile,0.65,1,498.3543281215567
LGBM-Quantile,0.65,2,472.8604614968971
LGBM-Quantile,0.65,3,464.816424023016
LGBM-Quantile,0.65,4,456.4430214041744
LGBM-Quantile,0.65,5,456.08942024427586
LGBM-Quantile,0.65,6,471.6067171775836
LGBM-Quantile,0.65,7,477.4660059052405
LGBM-Quantile,0.65,8,480.40771032992694
LGBM-Quantile,0.65,9,475.84612901803865
LGBM-Quantile,0.65,10,476.8340408191641
LGBM-Quantile,0.65,11,478.63500883201095
LGBM-Quantile,0.65,12,481.23564178278133
LGBM-Quantile,0.65,13,484.3667486633147
LGBM-Quantile,0.65,14,497.49614459540913
LGBM-Quantile,0.65,15,501.4375159406035
LGBM-Quantile,0.65,16,530.239288599319
LGBM-Quantile,0.65,17,563.0803686109679
LGBM-Quantile,0.65,18,600.9736147418969
LGBM-Quantile,0.65,19,683.3937554114633
LGBM-Quantile,0.65,20,768.3737075579867
LGBM-Quantile,0.65,21,766.8366294886351
LGBM-Quantile,0.65,22,679.9903888828552
LGBM-Quantile,0.65,23,582.5724245519709
LGBM-Quantile,0.65,24,537.47312111491
LGBM-Quantile,0.7,1,507.8007082880971
LGBM-Quantile,0.7,2,487.4091748713057
LGBM-Quantile,0.7,3,468.22391062496524
LGBM-Quantile,0.7,4,459.2447367473342
LGBM-Quantile,0.7,5,459.4651033969543
LGBM-Quantile,0.7,6,472.48825121259796
LGBM-Quantile,0.7,7,480.9253551660293
LGBM-Quantile,0.7,8,481.178414117562
LGBM-Quantile,0.7,9,479.31490471266466
LGBM-Quantile,0.7,10,477.05700988255705
LGBM-Quantile,0.7,11,479.79312821240063
LGBM-Quantile,0.7,12,484.14738522514756
LGBM-Quantile,0.7,13,507.786301605078
LGBM-Quantile,0.7,14,504.6123378770846
LGBM-Quantile,0.7,15,513.2228749969369
LGBM-Quantile,0.7,16,542.6352154795425
LGBM-Quantile,0.7,17,571.1204218798333
LGBM-Quantile,0.7,18,607.4839780138053
LGBM-Quantile,0.7,19,692.4014438110695
LGBM-Quantile,0.7,20,838.644807764637
LGBM-Quantile,0.7,21,842.5040476780163
LGBM-Quantile,0.7,22,683.2507721171658
LGBM-Quantile,0.7,23,612.8924361854931
LGBM-Quantile,0.7,24,553.589139705995
LGBM-Quantile,0.75,1,508.63316650309014
LGBM-Quantile,0.75,2,491.64667424079533
LGBM-Quantile,0.75,3,480.46086896238353
LGBM-Quantile,0.75,4,475.4912815792283
LGBM-Quantile,0.75,5,476.1373054092882
LGBM-Quantile,0.75,6,476.08474875009193
LGBM-Quantile,0.75,7,481.7146456478817
LGBM-Quantile,0.75,8,483.537892885932
LGBM-Quantile,0.75,9,480.6811800603072
LGBM-Quantile,0.75,10,478.58759637013316
LGBM-Quantile,0.75,11,493.48390249642165
LGBM-Quantile,0.75,12,497.0388006694207
LGBM-Quantile,0.75,13,508.67017545912654
LGBM-Quantile,0.75,14,520.7840961299132
LGBM-Quantile,0.75,15,524.8596402534631
LGBM-Quantile,0.75,16,543.6536784634491
LGBM-Quantile,0.75,17,571.3590867251962
LGBM-Quantile,0.75,18,616.3776498782222
LGBM-Quantile,0.75,19,708.3118099360622
LGBM-Quantile,0.75,20,863.9600998125026
LGBM-Quantile,0.75,21,861.8857728708203
LGBM-Quantile,0.75,22,715.5838236773404
LGBM-Quantile,0.75,23,615.223947297296
LGBM-Quantile,0.75,24,558.5417530651127
LGBM-Quantile,0.8,1,530.997068331176
LGBM-Quantile,0.8,2,511.02489086328694
LGBM-Quantile,0.8,3,493.8199064048067
LGBM-Quantile,0.8,4,488.9213431173238
LGBM-Quantile,0.8,5,486.98649442832436
LGBM-Quantile,0.8,6,492.17407121394155
LGBM-Quantile,0.8,7,495.7599444407202
LGBM-Quantile,0.8,8,497.18123345079806
LGBM-Quantile,0.8,9,491.30988832236375
LGBM-Quantile,0.8,10,492.4562574630134
LGBM-Quantile,0.8,11,494.6856005021367
LGBM-Quantile,0.8,12,498.00391203667397
LGBM-Quantile,0.8,13,513.7392859882048
LGBM-Quantile,0.8,14,520.7910587446993
LGBM-Quantile,0.8,15,525.8842495393421
LGBM-Quantile,0.8,16,544.3527803895307
LGBM-Quantile,0.8,17,573.8516204538004
LGBM-Quantile,0.8,18,627.1608820322618
LGBM-Quantile,0.8,19,742.3970028142899
LGBM-Quantile,0.8,20,881.8157400183013
LGBM-Quantile,0.8,21,884.3550637409556
LGBM-Quantile,0.8,22,718.2012166630984
LGBM-Quantile,0.8,23,624.3439845450034
LGBM-Quantile,0.8,24,575.022878907289
LGBM-Quantile,0.85,1,567.0954088553444
LGBM-Quantile,0.85,2,513.0771602588542
LGBM-Quantile,0.85,3,497.6944507048433
LGBM-Quantile,0.85,4,489.10809953754125
LGBM-Quantile,0.85,5,489.28235451235844
LGBM-Quantile,0.85,6,494.1738448143741
LGBM-Quantile,0.85,7,498.4604058632828
LGBM-Quantile,0.85,8,498.7355485109049
LGBM-Quantile,0.85,9,496.4771496824689
LGBM-Quantile,0.85,10,498.2382406799646
LGBM-Quantile,0.85,11,497.4327995059043
LGBM-Quantile,0.85,12,499.4688763871737
LGBM-Quantile,0.85,13,517.2936467219427
LGBM-Quantile,0.85,14,522.5041064281755
LGBM-Quantile,0.85,15,532.8989999845303
LGBM-Quantile,0.85,16,550.9128198844015
LGBM-Quantile,0.85,17,577.531210067328
LGBM-Quantile,0.85,18,646.9466889540397
LGBM-Quantile,0.85,19,798.3955915246796
LGBM-Quantile,0.85,20,944.3119084868571
LGBM-Quantile,0.85,21,919.6345599759273
LGBM-Quantile,0.85,22,788.6389205673407
LGBM-Quantile,0.85,23,644.3975065285803
LGBM-Quantile,0.85,24,578.6208930344193
LGBM-Quantile,0.9,1,580.8161909570939
LGBM-Quantile,0.9,2,514.4172019901383
LGBM-Quantile,0.9,3,500.0844502578372
LGBM-Quantile,0.9,4,490.4246090586135
LGBM-Quantile,0.9,5,489.6778169651545
LGBM-Quantile,0.9,6,494.2215723118395
LGBM-Quantile,0.9,7,502.01746819754516
LGBM-Quantile,0.9,8,503.0170168187238
LGBM-Quantile,0.9,9,500.1545267429739
LGBM-Quantile,0.9,10,498.55482339472695
LGBM-Quantile,0.9,11,498.48447288784575
LGBM-Quantile,0.9,12,499.490355069387
LGBM-Quantile,0.9,13,525.6252650885613
LGBM-Quantile,0.9,14,528.155551752398
LGBM-Quantile,0.9,15,545.6103174507589
LGBM-Quantile,0.9,16,551.3789394949946
LGBM-Quantile,0.9,17,590.6853738769239
LGBM-Quantile,0.9,18,704.0900981991765
LGBM-Quantile,0.9,19,905.7988831610621
LGBM-Quantile,0.9,20,1036.6712118991713
LGBM-Quantile,0.9,21,1012.2589379689667
LGBM-Quantile,0.9,22,891.678008134062
LGBM-Quantile,0.9,23,692.8244076565953
LGBM-Quantile,0.9,24,592.9330962182664
LGBM-Quantile,0.95,1,609.2461618523834
LGBM-Quantile,0.95,2,517.5318984478133
LGBM-Quantile,0.95,3,503.20878526932313
LGBM-Quantile,0.95,4,491.76688302458786
LGBM-Quantile,0.95,5,490.4246090586135
LGBM-Quantile,0.95,6,499.4833129741957
LGBM-Quantile,0.95,7,505.23871565161005
LGBM-Quantile,0.95,8,510.57100867976544
LGBM-Quantile,0.95,9,500.76030123960544
LGBM-Quantile,0.95,10,501.7295867658255
LGBM-Quantile,0.95,11,502.2241312678097
LGBM-Quantile,0.95,12,510.216868021221
LGBM-Quantile,0.95,13,527.1142665035272
LGBM-Quantile,0.95,14,535.3933105156566
LGBM-Quantile,0.95,15,570.7351145389752
LGBM-Quantile,0.95,16,621.7255406510709
LGBM-Quantile,0.95,17,643.0703605364369
LGBM-Quantile,0.95,18,751.9656277040143
LGBM-Quantile,0.95,19,989.8023953331424
LGBM-Quantile,0.95,20,1069.9599426949744
LGBM-Quantile,0.95,21,1014.357009847105
LGBM-Quantile,0.95,22,923.7380479842853
LGBM-Quantile,0.95,23,808.5770218261374
LGBM-Quantile,0.95,24,684.5636284530365
