method,zone,anio,mean_pinball,crps,reliability,mae,rmse,cover80,sharp80,winkler80,cover90,sharp90,winkler90,pinball95,wis,seconds
Analog,caborca,2021,35.396701,66.223797,0.208513,89.691187,124.344044,0.782847,290.156924,483.030785,0.867853,402.78831,656.076717,20.296813,70.793402,0.016127
Analog,caborca,2022,42.820602,80.056444,0.219728,109.266311,135.405106,0.777129,355.16998,576.224147,0.863897,489.718179,773.107789,20.335096,85.641205,0.014162
Analog,caborca,2023,60.919746,113.765922,0.186184,156.600691,210.232836,0.771689,507.681423,807.570599,0.867808,696.323705,1051.786168,32.366584,121.839492,0.013085
Analog,caborca,2024,82.207729,153.970867,0.171558,210.097532,337.669959,0.821266,645.849601,1106.785943,0.901753,888.965138,1508.580073,53.962611,164.415458,0.013868
Analog,caborca,2025,38.230222,71.389637,0.185961,97.680972,147.713243,0.802055,333.568355,510.865363,0.88105,460.543277,672.352309,21.421664,76.460445,0.014641
Analog,caborca,2026,42.389923,80.244644,0.182122,102.008651,128.539561,0.781073,205.936859,636.815308,0.856638,291.216479,955.880802,29.579251,84.779845,0.014699
Analog,centro_oriente,2021,49.033349,91.943369,0.248127,119.284662,158.259632,0.737987,418.8213,719.588868,0.834094,613.94099,1021.726517,34.285459,98.066699,0.015717
Analog,centro_oriente,2022,52.687105,98.562532,0.254556,133.232508,157.405657,0.708219,407.134669,723.467459,0.812958,605.567499,994.896885,30.672869,105.374209,0.014547
Analog,centro_oriente,2023,95.735972,178.559083,0.212592,247.439408,311.423944,0.786758,882.383991,1261.776637,0.878196,1200.528312,1625.348815,54.752806,191.471944,0.014277
Analog,centro_oriente,2024,148.3084,276.866029,0.20801,386.825969,528.128349,0.779485,1360.903022,1931.103746,0.874658,1830.841374,2491.849382,86.898764,296.6168,0.011348
Analog,centro_oriente,2025,63.81773,119.336621,0.215409,163.6485,226.06417,0.736872,499.84136,855.464928,0.83516,695.598487,1133.022741,36.021079,127.63546,0.013365
Analog,centro_oriente,2026,72.250421,135.554308,0.256772,181.576167,226.379837,0.649718,404.011086,1000.615663,0.767655,578.710148,1389.544299,47.066478,144.500841,0.011476
Analog,centro_sur,2021,53.84394,100.698527,0.244205,132.722156,172.789192,0.747111,467.223852,767.142057,0.836527,674.665735,1044.643305,34.100478,107.687879,0.012183
Analog,centro_sur,2022,55.134709,103.107594,0.262743,139.52475,164.145537,0.70467,425.259476,757.477645,0.808379,626.822765,1030.348011,31.236312,110.269417,0.013283
Analog,centro_sur,2023,96.72414,180.33736,0.212751,249.674212,313.824277,0.785274,889.796089,1269.004733,0.875685,1209.083719,1621.373292,53.189329,193.44828,0.013792
Analog,centro_sur,2024,151.293534,282.451002,0.206578,393.833398,536.448557,0.789617,1379.130613,1975.190298,0.87944,1849.884281,2567.580126,87.560797,302.587067,0.012826
Analog,centro_sur,2025,76.136164,142.405154,0.231953,195.926432,254.915581,0.722603,576.092993,1016.434284,0.819749,792.106732,1354.855594,40.495034,152.272327,0.012631
Analog,centro_sur,2026,76.084711,142.945903,0.260913,191.033698,238.467929,0.646893,418.755682,1053.819954,0.776836,589.106676,1474.955054,48.881445,152.169422,0.013803
Analog,chihuahua,2021,30.283868,56.612865,0.232282,76.370393,106.447777,0.779501,267.469428,416.622718,0.868765,372.483199,557.121966,17.02572,60.567735,0.013344
Analog,chihuahua,2022,39.393223,73.629097,0.236702,100.83168,124.024995,0.751717,316.007801,532.184164,0.839286,433.788608,717.178628,20.279192,78.786446,0.015165
Analog,chihuahua,2023,70.643626,131.879328,0.1954,181.266921,239.318865,0.807306,640.816271,945.123083,0.88653,870.336989,1234.168722,39.440725,141.287253,0.014432
Analog,chihuahua,2024,109.550656,204.705589,0.187716,280.166579,411.297057,0.817964,969.33094,1473.953203,0.904485,1324.302711,1914.08593,66.842989,219.101313,0.014271
Analog,chihuahua,2025,47.936603,89.590682,0.201405,123.413402,171.779255,0.77911,408.429093,633.96872,0.871575,566.971738,837.798845,25.182643,95.873207,0.014234
Analog,chihuahua,2026,55.18954,103.879947,0.228026,136.38789,167.432714,0.697034,292.206275,787.393173,0.80226,415.850207,1115.770402,35.746177,110.379079,0.012398
Analog,chilpancingo,2021,62.315662,116.619306,0.24033,153.860588,197.770993,0.739964,525.519667,881.605419,0.831813,755.845532,1209.479272,38.102304,124.631324,0.013671
Analog,chilpancingo,2022,61.61907,115.198676,0.264168,156.008706,183.586251,0.69723,471.240359,840.738283,0.798306,685.741509,1149.19019,34.663113,123.23814,0.012814
Analog,chilpancingo,2023,107.295267,200.041575,0.212085,276.935278,351.258479,0.790183,1004.66381,1415.696051,0.878311,1373.895361,1832.337954,60.519368,214.590533,0.014346
Analog,chilpancingo,2024,168.119412,313.941601,0.209472,436.938806,590.397297,0.777664,1515.171025,2215.00153,0.871015,2057.544042,2905.956344,98.786247,336.238824,0.014118
Analog,chilpancingo,2025,103.891431,194.544431,0.232581,264.312376,336.760338,0.703767,745.369673,1418.873253,0.807192,1039.935271,1930.495059,59.798919,207.782862,0.013935
Analog,chilpancingo,2026,96.279669,180.704966,0.261143,240.765263,310.282649,0.670198,584.54948,1348.283585,0.780367,835.616762,1945.734342,66.249472,192.559338,0.015124
Analog,coatzacoalcos,2021,70.768051,132.529691,0.244971,174.486116,223.655324,0.722172,580.630366,999.738227,0.812348,829.089555,1378.384583,46.298511,141.536102,0.013343
Analog,coatzacoalcos,2022,66.941856,125.335866,0.259656,169.003446,197.635835,0.683837,520.594977,934.100385,0.788004,776.099419,1308.011133,41.304828,133.883712,0.014026
Analog,coatzacoalcos,2023,108.195304,201.743582,0.216252,278.730927,346.499274,0.771233,989.808861,1428.240147,0.862557,1364.321409,1860.2268,62.772044,216.390607,0.013157
Analog,coatzacoalcos,2024,195.078897,364.295778,0.208107,506.187808,663.41463,0.76184,1673.176034,2560.592141,0.85633,2245.402969,3295.554595,110.540035,390.157794,0.012768
Analog,coatzacoalcos,2025,141.32035,264.970079,0.22898,357.989851,449.660583,0.694178,976.520514,1950.309949,0.797717,1369.269176,2679.432653,87.733539,282.6407,0.01349
Analog,coatzacoalcos,2026,82.81832,155.211099,0.251427,209.654621,254.220189,0.68291,521.513617,1145.673779,0.788842,738.222577,1581.931262,52.116076,165.636641,0.013261
Analog,culiacan,2021,40.411068,75.7027,0.231112,101.583202,138.271202,0.763078,334.789395,558.924907,0.856448,476.516434,774.290844,23.002607,80.822137,0.014934
Analog,culiacan,2022,48.687587,91.064355,0.236085,124.424959,149.332186,0.729396,369.976277,657.631195,0.831044,517.336695,889.990837,24.082693,97.375175,0.013689
Analog,culiacan,2023,83.375464,155.619491,0.196014,214.85899,277.896863,0.788128,734.875745,1103.98853,0.873174,991.082824,1428.432616,44.271284,166.750927,0.012482
Analog,culiacan,2024,124.135916,232.089767,0.20331,316.393082,438.769886,0.774135,1083.893924,1672.15401,0.86316,1463.421635,2188.947651,74.449463,248.271832,0.012984
Analog,culiacan,2025,57.948013,108.237807,0.189453,149.260293,202.443586,0.779452,498.641089,768.192066,0.859817,687.784545,1020.22675,30.72265,115.896027,0.015438
Analog,culiacan,2026,52.534188,99.058459,0.205791,127.723031,161.815925,0.641243,275.712434,782.395179,0.749294,385.305203,1148.190305,32.997511,105.068376,0.011736
Analog,durango,2021,40.234626,75.3635,0.232515,101.15278,137.844418,0.757147,329.634736,561.433814,0.84854,470.086593,767.268229,21.356199,80.469252,0.013251
Analog,durango,2022,47.235839,88.227033,0.239956,121.483537,147.761336,0.72619,366.389852,627.24987,0.829785,517.341449,836.164693,23.49315,94.471679,0.013089
Analog,durango,2023,84.093418,156.889362,0.197449,218.276531,282.239991,0.794863,752.390061,1102.616712,0.885046,1013.439048,1410.091338,44.413062,168.186835,0.012677
Analog,durango,2024,129.224378,241.407596,0.19556,332.841086,468.524736,0.79383,1155.258599,1723.661534,0.876594,1549.247443,2246.998837,76.826962,258.448757,0.014546
Analog,durango,2025,59.104746,110.278909,0.195733,153.49698,207.760216,0.784132,518.985068,765.360397,0.880137,715.732607,995.052099,31.098719,118.209491,0.014551
Analog,durango,2026,73.10168,137.382431,0.217276,183.982478,224.541946,0.693503,431.2851,1016.74704,0.821328,591.607632,1396.814739,44.025006,146.203361,0.015152
Analog,fresnillo,2021,48.3445,90.657054,0.243403,119.267473,161.701627,0.740268,398.684012,700.742451,0.833333,583.599801,974.154603,31.640092,96.689001,0.01216
Analog,fresnillo,2022,53.47802,100.038654,0.2575,135.731164,162.552099,0.701122,401.142286,731.72351,0.808379,579.846692,986.819192,29.718785,106.956039,0.01425
Analog,fresnillo,2023,92.081473,171.70595,0.208321,239.324058,305.25917,0.790525,834.885559,1206.497385,0.884589,1143.211359,1558.818066,50.938252,184.162946,0.016462
Analog,fresnillo,2024,144.070017,269.067809,0.203563,375.239501,521.819062,0.791894,1277.961713,1882.849481,0.878985,1728.907693,2456.266719,86.264213,288.140034,0.01843
Analog,fresnillo,2025,60.166392,112.278781,0.217353,154.960497,213.436846,0.762785,495.736629,795.561948,0.853881,686.444954,1026.225644,31.658241,120.332783,0.017345
Analog,fresnillo,2026,75.340374,141.458237,0.25843,188.701148,234.612868,0.674435,421.095184,1044.83642,0.783898,596.799768,1470.43467,51.019171,150.680749,0.017768
Analog,hermosillo,2021,34.062237,63.697073,0.210153,86.367091,119.672645,0.785128,284.66178,467.322127,0.870134,398.645105,637.627156,19.35481,68.124475,0.017873
Analog,hermosillo,2022,41.608733,77.866477,0.226865,106.215043,130.287619,0.762592,335.380459,564.540052,0.848214,460.870537,766.173638,20.279811,83.217467,0.01784
Analog,hermosillo,2023,67.426391,125.904829,0.197574,171.827163,226.690049,0.775685,573.38534,897.852509,0.86621,778.968539,1171.888567,36.633912,134.852781,0.017756
Analog,hermosillo,2024,86.066637,161.184118,0.180251,216.211317,346.581398,0.827869,751.786338,1189.047523,0.910064,1041.325394,1620.452864,58.703417,172.133274,0.016897
Analog,hermosillo,2025,39.05716,72.924396,0.197657,99.891183,149.208895,0.791895,345.780565,520.850244,0.877283,476.705625,677.066035,21.463865,78.11432,0.019126
Analog,hermosillo,2026,42.185376,79.866826,0.19409,101.870203,127.643478,0.726695,206.859076,633.975391,0.819209,285.471399,962.241723,29.761306,84.370751,0.017922
Analog,ixmiquilpan,2021,46.74032,87.541983,0.249006,113.692955,152.563881,0.743157,410.179866,681.667984,0.834246,609.286356,957.825331,30.637888,93.480639,0.018183
Analog,ixmiquilpan,2022,51.699145,96.727736,0.258592,130.761493,154.616109,0.710852,394.623676,712.184495,0.815362,580.525411,971.992943,29.090586,103.39829,0.01777
Analog,ixmiquilpan,2023,93.276161,173.946854,0.208274,241.355342,306.703205,0.793151,855.139134,1224.968602,0.882534,1157.001616,1576.021327,51.878438,186.552323,0.018508
Analog,ixmiquilpan,2024,144.936323,270.572798,0.206476,379.015432,521.446149,0.792122,1323.819014,1890.322953,0.878985,1781.978336,2454.572725,85.336228,289.872647,0.01906
Analog,ixmiquilpan,2025,58.199298,108.773402,0.218664,148.814952,206.242248,0.741553,466.246689,781.243872,0.838242,645.996297,1026.951809,32.124547,116.398596,0.018378
Analog,ixmiquilpan,2026,71.567509,134.588096,0.257731,177.316319,221.622099,0.646893,387.5941,1009.994909,0.762006,554.118823,1443.357127,50.150507,143.135018,0.020111
Analog,mazatlan,2021,41.005844,76.808789,0.235222,102.595006,139.407861,0.748631,337.01756,571.692188,0.843674,480.194385,784.334715,23.399296,82.011689,0.016628
Analog,mazatlan,2022,49.395529,92.428952,0.240469,125.496204,150.524942,0.708906,363.838558,670.595723,0.814789,515.227313,910.84505,25.098781,98.791059,0.017963
Analog,mazatlan,2023,87.274789,162.798606,0.196259,225.353588,289.280779,0.794406,792.989241,1151.631489,0.884703,1064.53417,1472.451929,46.556927,174.549578,0.017605
Analog,mazatlan,2024,130.792052,244.368319,0.196243,336.328521,466.082097,0.781307,1158.29713,1741.49938,0.870446,1559.726218,2281.270615,78.260134,261.584104,0.017801
Analog,mazatlan,2025,62.105332,115.972514,0.202696,160.257138,212.281648,0.762785,517.652146,819.124791,0.860616,717.022573,1062.689245,32.249733,124.210664,0.01807
Analog,mazatlan,2026,75.843346,142.104858,0.217878,190.213714,231.202963,0.678672,458.213712,1041.210348,0.798023,638.245344,1439.900236,45.004219,151.686693,0.015743
Analog,merida,2021,104.127547,195.551357,0.240178,257.440102,355.207735,0.698753,780.694644,1495.168709,0.797749,1110.694692,2112.403359,75.724876,208.255094,0.017798
Analog,merida,2022,105.364041,197.745255,0.250035,258.848785,336.214893,0.696772,836.252739,1549.576934,0.802656,1236.975285,2210.125053,80.411131,210.728082,0.017582
Analog,merida,2023,202.212498,377.402836,0.205648,517.021594,694.669901,0.784589,1941.844192,2713.960865,0.885274,2772.249833,3618.877201,128.475024,404.424996,0.016798
Analog,merida,2024,226.845115,424.554799,0.201966,577.591392,783.210558,0.762067,1912.077415,3092.864763,0.854281,2672.247876,4231.405648,147.603052,453.690231,0.018687
Analog,merida,2025,256.517905,480.211446,0.211492,650.256398,897.22736,0.72032,2078.705657,3529.179215,0.820434,2942.59338,4873.93132,168.013967,513.035809,0.018507
Analog,merida,2026,213.820438,403.442553,0.232018,527.566662,697.79317,0.673023,1285.930859,3118.169607,0.779661,1819.690547,4576.936188,172.049735,427.640877,0.020927
Analog,navojoa,2021,37.573531,70.303627,0.223191,94.398544,130.589971,0.774179,317.065628,519.047648,0.863595,452.139113,708.285712,20.905313,75.147061,0.018273
Analog,navojoa,2022,44.747128,83.744297,0.228964,113.968665,138.069953,0.749199,350.235726,609.171982,0.840659,484.50483,828.758989,22.955761,89.494256,0.017724
Analog,navojoa,2023,72.345943,135.078578,0.199775,186.496538,241.755876,0.773516,605.857111,954.576488,0.864384,817.767327,1241.846138,39.473945,144.691885,0.018152
Analog,navojoa,2024,89.774535,168.063608,0.180633,225.051272,359.467362,0.82286,807.82002,1255.898232,0.903575,1121.243741,1710.609077,61.077054,179.54907,0.018433
Analog,navojoa,2025,42.172891,78.810372,0.199835,108.021903,158.75814,0.773402,359.291986,563.159685,0.858219,499.02433,744.486955,23.328531,84.345781,0.017536
Analog,navojoa,2026,45.032352,85.003506,0.203702,108.451604,138.492391,0.711158,230.680047,678.697858,0.805791,333.728601,1024.447042,31.475171,90.064703,0.013988
Analog,nuevo_laredo,2021,34.224356,64.009392,0.23557,85.540946,116.276851,0.76688,307.898001,483.924513,0.854015,439.894107,660.716693,20.042341,68.448712,0.017893
Analog,nuevo_laredo,2022,41.177216,77.134521,0.2485,104.422194,125.849363,0.712225,308.032946,561.230171,0.814904,429.844004,763.552485,22.434981,82.354431,0.01833
Analog,nuevo_laredo,2023,77.479987,144.4908,0.206527,199.69635,256.422016,0.804452,732.453715,1025.930088,0.894521,999.425177,1313.134213,42.966893,154.959973,0.018001
Analog,nuevo_laredo,2024,132.077439,246.879297,0.201666,335.185793,467.623223,0.790301,1199.346584,1806.018335,0.875228,1627.520181,2389.596241,86.585031,264.154879,0.01874
Analog,nuevo_laredo,2025,54.849383,102.556184,0.211199,140.452691,193.567173,0.742123,440.983296,732.956981,0.840183,615.673225,979.205486,31.735674,109.698767,0.018544
Analog,nuevo_laredo,2026,69.288597,129.831344,0.257315,172.651252,210.574816,0.612288,367.273361,966.358296,0.74435,523.693761,1341.74015,43.83684,138.577194,0.018495
Analog,obregon,2021,34.838738,65.185588,0.228365,88.030628,121.045479,0.774027,289.498474,477.446413,0.862987,408.618761,649.266011,19.029662,69.677475,0.017776
Analog,obregon,2022,43.171233,80.804431,0.22471,110.393899,134.046489,0.763507,352.616359,585.760351,0.849588,486.473184,794.623064,21.606318,86.342466,0.018214
Analog,obregon,2023,70.232595,131.16256,0.196317,179.660423,234.161186,0.780251,597.929403,930.230451,0.867808,805.148285,1215.855207,38.423515,140.46519,0.019026
Analog,obregon,2024,87.958336,164.717596,0.180496,219.766356,350.784999,0.822404,786.422671,1227.815547,0.902778,1097.904505,1696.242395,60.835544,175.916671,0.017685
Analog,obregon,2025,41.113032,76.808676,0.199635,104.972704,155.195097,0.775,350.726025,551.558132,0.862215,488.303704,730.067246,23.002383,82.226063,0.019191
Analog,obregon,2026,43.933088,83.012135,0.200833,106.578307,135.408429,0.700565,222.608827,663.518916,0.803672,319.045568,1000.899049,30.408773,87.866176,0.019887
Analog,poza_rica,2021,49.975605,93.457113,0.244348,123.574402,162.20321,0.739051,432.99872,714.297095,0.836831,633.348368,985.501766,32.560277,99.951209,0.018861
Analog,poza_rica,2022,53.441786,100.013232,0.259047,134.752029,158.702525,0.701694,412.42648,743.727919,0.81353,610.248974,1022.51713,31.420338,106.883571,0.0188
Analog,poza_rica,2023,94.268078,175.757649,0.212171,242.494338,306.393339,0.790411,887.092998,1252.045396,0.884247,1218.493046,1611.127257,54.473924,188.536155,0.01715
Analog,poza_rica,2024,151.843189,283.630507,0.206368,393.009137,529.530827,0.790187,1384.065269,2000.889584,0.878188,1861.561911,2620.19233,89.061189,303.686378,0.018404
Analog,poza_rica,2025,70.617219,132.105235,0.225603,181.24153,239.838308,0.730137,538.405367,943.562922,0.824315,746.51008,1254.436549,38.589084,141.234439,0.018497
Analog,poza_rica,2026,70.808324,132.7932,0.252877,178.567258,221.809992,0.670904,400.248224,979.42966,0.781073,579.022394,1353.672627,46.038267,141.616648,0.016853
Analog,tampico,2021,37.879385,70.924489,0.242277,92.36602,124.806664,0.739964,327.994298,553.674341,0.828619,475.175446,771.171895,24.331755,75.75877,0.017424
Analog,tampico,2022,44.155279,82.673844,0.255828,110.899675,134.230146,0.696085,332.212009,617.59026,0.811012,484.433027,846.708178,26.690761,88.310559,0.0171
Analog,tampico,2023,73.349262,136.831395,0.20203,188.317489,243.340014,0.797831,686.139027,983.833485,0.889155,956.410904,1290.296659,42.865192,146.698523,0.015402
Analog,tampico,2024,127.36439,237.995274,0.207238,327.849654,458.278233,0.786999,1151.034239,1700.130699,0.877505,1574.027536,2252.134489,81.193873,254.72878,0.017137
Analog,tampico,2025,53.281513,99.52279,0.224075,136.161704,187.338791,0.745662,429.114205,717.068714,0.839498,606.882459,948.430444,29.512278,106.563026,0.016001
Analog,tampico,2026,68.140346,127.664773,0.264749,170.924721,210.366234,0.643362,381.928063,928.123025,0.762712,558.548298,1304.145327,44.527476,136.280691,0.016522
Analog,tecamachalco,2021,66.9215,125.163522,0.241158,165.632057,214.149475,0.744678,561.639947,943.156392,0.833181,811.293779,1276.921446,42.694416,133.842999,0.016169
Analog,tecamachalco,2022,63.353819,118.500532,0.262868,159.548652,187.498174,0.701351,502.477771,886.262562,0.804716,747.055518,1228.755419,39.162487,126.707639,0.018738
Analog,tecamachalco,2023,105.592774,196.927872,0.213517,273.07607,340.608492,0.783105,980.322661,1392.650168,0.874429,1350.328142,1796.292584,59.994878,211.185548,0.018143
Analog,tecamachalco,2024,184.246009,343.971314,0.203645,479.483123,631.813524,0.779713,1626.645791,2398.730511,0.865779,2192.58247,3081.124236,103.940319,368.492018,0.018794
Analog,tecamachalco,2025,123.665877,231.614913,0.227606,315.233544,395.574562,0.70742,865.712379,1693.031316,0.800799,1201.477667,2315.892679,73.437368,247.331755,0.015755
Analog,tecamachalco,2026,77.933849,145.934184,0.25956,198.860238,244.750505,0.68291,465.464934,1057.025854,0.789548,661.261206,1430.243101,47.210457,155.867697,0.013153
Analog,tepic_vallarta,2021,46.304974,86.700277,0.246235,114.017228,153.111106,0.741636,395.418096,664.897485,0.828619,570.238227,913.906662,28.909874,92.609947,0.012628
Analog,tepic_vallarta,2022,54.281522,101.605143,0.251233,136.668966,164.174663,0.689446,398.848099,759.793993,0.799908,572.897902,1021.402109,29.472211,108.563045,0.01405
Analog,tepic_vallarta,2023,93.489181,174.362584,0.21136,242.739143,307.894986,0.779224,849.848449,1224.876957,0.87911,1158.992317,1572.25398,51.332608,186.978362,0.014124
Analog,tepic_vallarta,2024,141.689286,264.616381,0.205641,367.36981,503.292471,0.76719,1246.81641,1865.103373,0.861225,1682.068154,2436.675322,84.543595,283.378573,0.013601
Analog,tepic_vallarta,2025,63.945224,119.470406,0.220625,164.758302,219.841675,0.738356,504.870796,846.745198,0.835046,694.806052,1098.118423,32.897716,127.890448,0.013757
Analog,tepic_vallarta,2026,76.261505,142.905077,0.253895,191.440063,236.517705,0.663136,426.770671,1060.346483,0.777542,606.254945,1474.536155,50.139801,152.523011,0.012906
Analog,teziutlan,2021,55.53918,103.862919,0.240828,137.941311,179.758646,0.751977,480.084277,786.177064,0.842153,696.416668,1079.060495,35.981006,111.07836,0.014827
Analog,teziutlan,2022,55.964664,104.648294,0.259697,140.93846,165.890313,0.703411,440.432975,775.807509,0.813645,648.211307,1063.489445,33.208208,111.929329,0.013753
Analog,teziutlan,2023,97.658185,182.052296,0.211432,252.925388,317.741417,0.786644,915.214482,1288.777808,0.885388,1260.835692,1677.123137,56.60247,195.316371,0.013492
Analog,teziutlan,2024,163.974949,306.143473,0.208261,426.974297,572.520686,0.78347,1469.154476,2144.495284,0.877391,1982.127533,2756.988534,93.273974,327.949898,0.012621
Analog,teziutlan,2025,88.484088,165.695388,0.227902,226.244295,290.587099,0.715868,639.896103,1198.212942,0.817237,889.656395,1612.486167,49.500026,176.968175,0.01254
Analog,teziutlan,2026,74.061014,138.937428,0.253724,186.803607,231.129397,0.665254,416.880825,1016.400457,0.788136,592.461124,1427.946193,47.096757,148.122029,0.011875
Analog,veracruz,2021,63.732075,119.227821,0.240455,157.165045,203.559807,0.74042,541.062771,898.753421,0.825578,774.088957,1226.366797,41.109006,127.46415,0.014422
Analog,veracruz,2022,63.017133,118.020826,0.257198,158.614492,188.043861,0.708906,497.97606,882.598668,0.814675,736.339059,1237.159823,39.871915,126.034266,0.01378
Analog,veracruz,2023,102.542676,191.205396,0.214647,264.20139,330.234323,0.786758,966.566058,1358.242294,0.877854,1345.183284,1772.032565,59.342936,205.085351,0.013032
Analog,veracruz,2024,181.262097,338.584242,0.206974,469.888135,621.686932,0.777778,1566.323111,2380.845823,0.867145,2131.144219,3075.113239,104.91452,362.524194,0.014128
Analog,veracruz,2025,119.876687,224.494174,0.229635,304.323485,383.072038,0.7,841.867345,1645.813771,0.800457,1183.106923,2256.887111,72.33547,239.753374,0.013522
Analog,veracruz,2026,75.733415,141.863914,0.246001,191.401433,232.548688,0.685028,449.167824,1037.670738,0.79096,641.566408,1439.25566,48.094658,151.466829,0.012822
Analog,victoria,2021,37.594618,70.376959,0.241462,92.945988,125.762359,0.738139,315.245573,533.749531,0.8309,450.612471,737.68612,23.272787,75.189237,0.014848
Analog,victoria,2022,44.07211,82.55635,0.250302,110.727819,133.773952,0.698146,333.020523,615.766826,0.810668,482.833192,846.047974,25.845403,88.14422,0.014188
Analog,victoria,2023,77.235999,144.110066,0.2044,199.32871,257.362769,0.797146,712.141174,1027.641534,0.889726,984.153246,1339.321175,44.607851,154.471998,0.01294
Analog,victoria,2024,133.343214,249.230227,0.203883,342.185572,475.515947,0.792008,1221.144678,1785.37181,0.881375,1660.781868,2352.965683,84.460958,266.686429,0.014221
Analog,victoria,2025,53.594749,100.183832,0.221079,137.075281,189.823961,0.733333,428.957925,720.893287,0.8379,606.588015,950.01848,30.034498,107.189498,0.01388
Analog,victoria,2026,69.932416,131.051858,0.268235,176.548042,216.303593,0.615819,370.290236,961.043428,0.737288,544.982368,1307.437468,44.837443,139.864831,0.010671
Analog,villahermosa,2021,84.278183,158.406452,0.242736,202.589929,282.984549,0.712287,688.938636,1242.40157,0.799574,958.81896,1767.202095,61.323213,168.556365,0.01162
Analog,villahermosa,2022,69.554911,130.199306,0.25789,175.130195,208.822038,0.678571,532.627537,973.944377,0.784226,799.141964,1366.755609,44.071603,139.109822,0.011787
Analog,villahermosa,2023,110.64066,206.430944,0.215475,284.06105,356.139746,0.775457,1019.355294,1477.535207,0.867237,1458.01622,1971.594325,68.429708,221.281321,0.013864
Analog,villahermosa,2024,201.486215,376.288293,0.205104,522.583279,690.773098,0.77459,1772.431848,2648.53064,0.868283,2420.041004,3492.50358,119.88357,402.972431,0.013619
Analog,villahermosa,2025,187.199699,350.708628,0.221804,470.206416,624.662746,0.701027,1503.866474,2609.707501,0.804795,2104.064884,3607.407532,120.354062,374.399399,0.013792
Analog,villahermosa,2026,138.582866,260.532796,0.240633,342.245293,457.374104,0.700565,944.637521,1986.071831,0.805791,1346.864003,2841.847831,105.589909,277.165732,0.012706
Analog,zamora,2021,48.535815,90.886747,0.251516,118.835475,159.841184,0.732968,412.223267,704.228952,0.826034,606.542845,977.618514,30.915464,97.071631,0.014332
Analog,zamora,2022,54.215908,101.492049,0.262367,136.412312,162.272127,0.694139,399.981585,754.548939,0.801969,587.407534,1025.809516,29.822685,108.431817,0.013335
Analog,zamora,2023,93.97184,175.212779,0.213449,244.430019,309.196335,0.777169,853.62363,1224.1248,0.880023,1165.665983,1562.874496,51.637619,187.94368,0.013083
Analog,zamora,2024,146.505539,273.585691,0.207707,381.643483,524.89437,0.774704,1306.932318,1927.355084,0.872723,1765.367119,2497.124643,86.876483,293.011077,0.012775
Analog,zamora,2025,61.798951,115.444094,0.225709,158.811464,215.570626,0.744977,493.928715,822.158022,0.841324,683.244098,1079.605623,33.129337,123.597902,0.012558
Analog,zamora,2026,76.735174,144.058326,0.264013,190.577809,237.86258,0.661017,432.029009,1077.621518,0.784605,618.326237,1503.265541,50.861397,153.470349,0.015153
Analog-minimos-cuadrados,caborca,2021,34.738708,65.112562,0.220875,87.819601,122.959276,0.741636,245.563508,476.572359,0.836223,340.196809,657.54441,19.995439,69.477416,0.016127
Analog-minimos-cuadrados,caborca,2022,42.655375,79.832327,0.225745,109.024885,135.166456,0.74359,316.545405,572.381679,0.838599,437.101132,773.867363,19.933658,85.31075,0.014162
Analog-minimos-cuadrados,caborca,2023,60.398989,112.948759,0.198315,155.395279,209.003546,0.731507,439.159187,801.668526,0.8371,605.139658,1052.563182,33.145845,120.797978,0.013085
Analog-minimos-cuadrados,caborca,2024,79.950419,150.045413,0.182258,201.786342,331.910316,0.779258,549.282834,1102.053892,0.871129,761.209908,1527.936083,54.951126,159.900838,0.013868
Analog-minimos-cuadrados,caborca,2025,38.480819,71.921676,0.194271,99.334379,148.750157,0.755023,295.933164,508.318225,0.847945,408.615672,672.456489,21.297316,76.961637,0.014641
Analog-minimos-cuadrados,caborca,2026,43.148477,81.926071,0.190834,103.084057,127.103698,0.733051,173.00762,664.129959,0.819209,244.934211,1023.102655,30.653063,86.296953,0.014699
Analog-minimos-cuadrados,centro_oriente,2021,48.1466,90.567419,0.264696,117.195065,155.576936,0.656934,322.936804,708.102929,0.760645,473.184342,1017.085265,32.414011,96.2932,0.015717
Analog-minimos-cuadrados,centro_oriente,2022,53.422811,100.257398,0.271384,133.760396,157.234316,0.613897,321.145682,747.201028,0.729167,476.963118,1042.943935,29.454515,106.845622,0.014547
Analog-minimos-cuadrados,centro_oriente,2023,97.763577,182.771166,0.224527,252.478166,313.263571,0.674315,701.041137,1287.371761,0.790982,965.947456,1679.756231,54.802619,195.527154,0.014277
Analog-minimos-cuadrados,centro_oriente,2024,152.001326,284.218898,0.222776,393.992211,528.451852,0.677368,1111.77867,1982.491252,0.790073,1508.546082,2586.950057,85.394809,304.002652,0.011348
Analog-minimos-cuadrados,centro_oriente,2025,65.387189,122.625278,0.23656,165.237287,225.951702,0.628995,395.460747,900.536062,0.741895,548.669835,1218.197623,36.026493,130.774377,0.013365
Analog-minimos-cuadrados,centro_oriente,2026,74.826501,141.117507,0.28285,183.347063,225.849347,0.539548,303.327367,1090.823353,0.661723,435.060784,1572.315196,49.415804,149.653001,0.011476
Analog-minimos-cuadrados,centro_sur,2021,52.823421,99.147833,0.263297,129.987351,169.499125,0.644161,353.186064,760.664808,0.752889,509.014475,1058.709051,32.387081,105.646841,0.012183
Analog-minimos-cuadrados,centro_sur,2022,55.776374,104.660797,0.279281,139.870359,163.689904,0.613095,336.45135,779.677427,0.729625,494.489271,1084.5169,30.461416,111.552748,0.013283
Analog-minimos-cuadrados,centro_sur,2023,98.620371,184.305202,0.224409,254.280169,315.693279,0.678881,707.789589,1290.680283,0.792123,972.154021,1673.768165,52.62544,197.240741,0.013792
Analog-minimos-cuadrados,centro_sur,2024,154.765214,289.422033,0.223229,400.623239,536.428195,0.677937,1125.185452,2021.934768,0.795879,1518.378979,2649.372563,86.839884,309.530429,0.012826
Analog-minimos-cuadrados,centro_sur,2025,78.299402,146.934507,0.248333,199.03216,256.199618,0.623516,464.290153,1069.826256,0.736301,636.898879,1472.073698,40.401018,156.598804,0.012631
Analog-minimos-cuadrados,centro_sur,2026,78.403883,147.979908,0.289689,192.29083,235.811858,0.534605,315.193644,1147.628549,0.663842,441.533386,1691.697962,52.160743,156.807766,0.013803
Analog-minimos-cuadrados,chihuahua,2021,30.040823,56.278793,0.247284,75.772192,106.110937,0.706813,216.153331,413.426757,0.808546,300.948936,564.301405,16.395533,60.081646,0.013344
Analog-minimos-cuadrados,chihuahua,2022,39.601886,74.190136,0.24874,101.251492,124.406955,0.693681,262.370927,537.753438,0.786973,360.164151,741.029444,20.103431,79.203772,0.015165
Analog-minimos-cuadrados,chihuahua,2023,70.880126,132.510423,0.2062,183.339965,238.976041,0.73516,528.101793,936.771869,0.834932,720.259907,1234.411117,40.437715,141.760252,0.014432
Analog-minimos-cuadrados,chihuahua,2024,111.361109,208.392903,0.200744,286.520825,414.420785,0.744194,813.900982,1479.731098,0.848247,1120.039846,1958.44851,68.915914,222.722218,0.014271
Analog-minimos-cuadrados,chihuahua,2025,48.712304,91.192953,0.212516,125.402751,174.138413,0.709589,345.746665,644.263912,0.815068,479.308634,857.093037,24.850215,97.424608,0.014234
Analog-minimos-cuadrados,chihuahua,2026,56.656319,107.051953,0.244402,138.403642,167.360088,0.628531,233.289253,835.182662,0.736582,331.963748,1227.497853,37.207318,113.312637,0.012398
Analog-minimos-cuadrados,chilpancingo,2021,60.92248,114.441806,0.261344,149.915834,192.70485,0.63747,392.033605,876.220978,0.745742,564.609073,1234.142385,36.415179,121.84496,0.013671
Analog-minimos-cuadrados,chilpancingo,2022,62.352888,117.041645,0.282801,156.072734,182.603531,0.594208,365.72921,868.787169,0.707875,531.354958,1218.5839,33.739705,124.705776,0.012814
Analog-minimos-cuadrados,chilpancingo,2023,109.365681,204.390509,0.225549,282.358242,353.414686,0.677968,794.518225,1434.061872,0.793037,1098.755131,1883.73006,58.949235,218.731363,0.014346
Analog-minimos-cuadrados,chilpancingo,2024,172.363488,322.494329,0.224327,444.378801,589.844851,0.661658,1216.01419,2277.331023,0.780282,1662.743065,3047.412686,97.650902,344.726977,0.014118
Analog-minimos-cuadrados,chilpancingo,2025,106.662066,200.628818,0.251901,266.714688,335.396425,0.590639,582.492238,1507.336084,0.702169,811.699065,2130.743465,59.727649,213.324132,0.013935
Analog-minimos-cuadrados,chilpancingo,2026,96.404397,181.905719,0.291325,234.913569,298.564221,0.54096,426.758779,1423.925004,0.665254,610.658895,2133.423191,67.882962,192.808794,0.015124
Analog-minimos-cuadrados,coatzacoalcos,2021,69.333186,130.445633,0.266516,169.114529,217.186852,0.604015,420.261686,1004.92912,0.706052,601.057155,1440.482108,44.156108,138.666372,0.013343
Analog-minimos-cuadrados,coatzacoalcos,2022,67.884393,127.603198,0.281887,168.922558,196.239448,0.561355,386.343588,972.084821,0.67674,574.655193,1398.258098,39.91085,135.768786,0.014026
Analog-minimos-cuadrados,coatzacoalcos,2023,110.839352,207.347165,0.230966,284.214222,348.959415,0.644406,760.571406,1473.821044,0.760731,1060.4649,1963.742781,61.576463,221.678705,0.013157
Analog-minimos-cuadrados,coatzacoalcos,2024,200.568658,375.755988,0.226579,511.908983,660.827566,0.6324,1276.285622,2717.306275,0.748065,1729.470694,3630.87105,111.667183,401.137316,0.012768
Analog-minimos-cuadrados,coatzacoalcos,2025,146.442131,276.162171,0.254518,361.827725,445.530838,0.546804,706.263469,2113.971722,0.665868,988.349469,3051.770767,88.481439,292.884263,0.01349
Analog-minimos-cuadrados,coatzacoalcos,2026,87.284144,164.677147,0.288626,212.908652,253.694181,0.515537,352.858825,1292.84593,0.636299,500.811743,1914.008182,54.900897,174.568288,0.013261
Analog-minimos-cuadrados,culiacan,2021,40.088778,75.328019,0.247673,100.347475,136.590957,0.676551,262.940658,563.547132,0.778741,374.002838,794.014029,22.305511,80.177555,0.014934
Analog-minimos-cuadrados,culiacan,2022,49.071714,92.056502,0.249142,124.904481,149.733993,0.655907,294.495057,668.499984,0.766827,411.685803,929.239655,23.857834,98.143427,0.013689
Analog-minimos-cuadrados,culiacan,2023,84.101731,157.259134,0.209897,217.574979,277.591613,0.701256,595.033518,1103.251285,0.813014,808.110505,1450.054609,45.379648,168.203462,0.012482
Analog-minimos-cuadrados,culiacan,2024,125.871353,235.741215,0.219847,321.187951,438.697862,0.680328,886.307829,1696.212661,0.793033,1204.257877,2244.219335,75.416856,251.742707,0.012984
Analog-minimos-cuadrados,culiacan,2025,58.99156,110.442385,0.203091,151.85241,205.021891,0.694635,414.247992,785.232497,0.796575,570.330218,1060.031234,30.609238,117.98312,0.015438
Analog-minimos-cuadrados,culiacan,2026,53.822574,102.123983,0.232798,128.815247,160.795331,0.552966,202.336615,837.606289,0.655367,284.278301,1295.897026,34.640853,107.645149,0.011736
Analog-minimos-cuadrados,durango,2021,39.780403,74.721382,0.248249,99.56379,136.224652,0.685675,262.779803,561.283633,0.782847,374.532557,786.296686,20.930532,79.560807,0.013251
Analog-minimos-cuadrados,durango,2022,47.707402,89.317433,0.252294,121.935693,148.324849,0.650069,298.983258,642.927981,0.76179,421.929593,873.289348,23.316673,95.414804,0.013089
Analog-minimos-cuadrados,durango,2023,85.090291,159.026638,0.208867,221.442653,282.558518,0.709589,611.737236,1106.195134,0.817694,829.479067,1439.006595,46.011738,170.180582,0.012677
Analog-minimos-cuadrados,durango,2024,131.574055,246.208432,0.209239,339.00177,470.755476,0.711179,962.645552,1736.654286,0.814435,1300.999262,2286.225282,77.820126,263.14811,0.014546
Analog-minimos-cuadrados,durango,2025,60.240443,112.568017,0.206585,156.169009,210.423465,0.708676,436.589193,781.957051,0.821689,601.093073,1013.901506,30.437157,120.480887,0.014551
Analog-minimos-cuadrados,durango,2026,74.67848,140.822934,0.237883,184.825969,222.934258,0.587571,346.392506,1071.193151,0.725989,474.234818,1519.481451,46.662683,149.356961,0.015152
Analog-minimos-cuadrados,fresnillo,2021,47.763701,89.81126,0.261524,117.894177,159.390714,0.657543,313.794382,695.763809,0.766271,457.8609,979.905476,30.469279,95.527401,0.01216
Analog-minimos-cuadrados,fresnillo,2022,54.349735,101.967828,0.271108,136.664468,162.869672,0.614125,323.221554,758.512559,0.73386,466.833937,1049.27607,28.776277,108.69947,0.01425
Analog-minimos-cuadrados,fresnillo,2023,93.85005,175.305725,0.21948,244.698663,307.540101,0.696461,677.35397,1217.476214,0.811758,936.224858,1583.622307,50.968137,187.7001,0.016462
Analog-minimos-cuadrados,fresnillo,2024,146.905376,274.792618,0.219259,380.960013,520.69164,0.691712,1055.431591,1914.993969,0.8051,1436.857317,2513.021062,86.636986,293.810752,0.01843
Analog-minimos-cuadrados,fresnillo,2025,61.430352,114.884251,0.2301,157.377465,215.296597,0.679452,410.562362,821.212178,0.786416,568.161602,1079.472803,31.630045,122.860705,0.017345
Analog-minimos-cuadrados,fresnillo,2026,77.582911,146.250054,0.281921,191.507048,234.650703,0.561441,326.228572,1119.569512,0.69209,461.814497,1618.451054,53.459543,155.165821,0.017768
Analog-minimos-cuadrados,hermosillo,2021,33.555666,62.896596,0.224003,84.660216,118.365324,0.730687,233.142399,462.911949,0.825426,325.94095,643.105245,19.042657,67.111333,0.017873
Analog-minimos-cuadrados,hermosillo,2022,41.677485,78.141813,0.236635,106.576159,130.522229,0.710279,286.223807,564.750525,0.810096,393.480786,776.735532,19.969825,83.354969,0.01784
Analog-minimos-cuadrados,hermosillo,2023,67.245222,125.771603,0.211979,172.965191,225.61176,0.714269,479.83855,891.626513,0.817922,656.113914,1177.862143,37.706,134.490444,0.017756
Analog-minimos-cuadrados,hermosillo,2024,84.814824,159.06499,0.192791,212.656774,342.676931,0.768101,631.435565,1173.548802,0.865551,876.70105,1602.701796,58.194768,169.629648,0.016897
Analog-minimos-cuadrados,hermosillo,2025,39.468338,73.785395,0.208451,101.594915,150.290741,0.733904,299.742482,521.133029,0.833904,412.870942,685.065923,21.392129,78.936676,0.019126
Analog-minimos-cuadrados,hermosillo,2026,43.452949,82.615017,0.206252,103.714905,127.645147,0.668785,166.147562,671.825579,0.769774,230.239973,1062.011742,31.145919,86.905898,0.017922
Analog-minimos-cuadrados,ixmiquilpan,2021,46.02192,86.427193,0.266066,112.68272,151.149827,0.662865,319.298124,671.044965,0.766119,473.304278,951.521058,28.929426,92.043839,0.018183
Analog-minimos-cuadrados,ixmiquilpan,2022,52.369247,98.270012,0.273326,131.294715,154.610321,0.618246,314.674379,731.693671,0.740614,463.553436,1016.064684,28.187671,104.738495,0.01777
Analog-minimos-cuadrados,ixmiquilpan,2023,94.89161,177.325047,0.220316,245.664281,307.767326,0.688014,684.378575,1239.103975,0.798174,938.389761,1622.507477,51.990617,189.78322,0.018508
Analog-minimos-cuadrados,ixmiquilpan,2024,148.634222,277.908074,0.221961,386.385488,522.636861,0.685792,1085.376614,1943.472624,0.797245,1473.553629,2530.953923,84.608564,297.268443,0.01906
Analog-minimos-cuadrados,ixmiquilpan,2025,59.55324,111.600856,0.234256,150.690474,207.442878,0.645434,377.733327,814.454936,0.757991,522.047635,1093.323154,32.011791,119.106479,0.018378
Analog-minimos-cuadrados,ixmiquilpan,2026,73.442853,138.705499,0.285236,178.273731,220.087969,0.536017,292.781977,1081.634656,0.66596,417.794136,1608.977512,52.25403,146.885706,0.020111
Analog-minimos-cuadrados,mazatlan,2021,40.67923,76.447179,0.252006,101.26173,137.827087,0.663321,263.780718,577.575043,0.766575,374.797503,813.299407,22.674244,81.35846,0.016628
Analog-minimos-cuadrados,mazatlan,2022,49.983862,93.878972,0.256169,125.791323,150.55526,0.621108,284.129169,695.212796,0.731456,401.541969,974.229299,25.185143,99.967725,0.017963
Analog-minimos-cuadrados,mazatlan,2023,88.186149,164.815123,0.208214,228.942824,289.379653,0.703881,638.979663,1154.774026,0.812215,865.079151,1495.827585,47.313146,176.372298,0.017605
Analog-minimos-cuadrados,mazatlan,2024,133.046377,249.034764,0.211994,343.055656,467.42137,0.691143,950.386949,1755.483491,0.7977,1288.139959,2331.179487,79.182871,266.092753,0.017801
Analog-minimos-cuadrados,mazatlan,2025,63.380466,118.657906,0.217909,162.461182,214.447799,0.67968,422.410914,847.344287,0.789041,584.473392,1124.154924,32.102579,126.760932,0.01807
Analog-minimos-cuadrados,mazatlan,2026,78.17492,147.175193,0.238909,191.976348,230.830939,0.575565,351.856996,1121.890281,0.700565,489.778917,1619.652613,47.56031,156.349839,0.015743
Analog-minimos-cuadrados,merida,2021,103.698387,195.553469,0.260637,253.787545,346.365975,0.582725,597.60534,1525.929825,0.695408,851.982551,2225.606607,74.947325,207.396774,0.017798
Analog-minimos-cuadrados,merida,2022,106.415996,200.307803,0.270384,259.770865,332.63976,0.585394,651.625402,1575.604024,0.707532,965.926147,2287.018063,78.324621,212.831991,0.017582
Analog-minimos-cuadrados,merida,2023,207.320043,387.49925,0.220905,535.46094,700.075047,0.659475,1561.820849,2742.192155,0.783333,2256.332359,3595.591003,122.913193,414.640086,0.016798
Analog-minimos-cuadrados,merida,2024,232.055703,435.567041,0.221333,587.071194,782.669381,0.634904,1502.455898,3199.71755,0.756375,2111.628739,4458.892244,144.371531,464.111406,0.018687
Analog-minimos-cuadrados,merida,2025,263.555948,495.020831,0.233159,662.051153,889.470135,0.57911,1652.087421,3680.175052,0.698858,2338.301317,5180.178221,163.488555,527.111895,0.018507
Analog-minimos-cuadrados,merida,2026,220.622622,418.478067,0.264987,529.269526,687.845429,0.502825,923.002943,3394.529793,0.63065,1320.992505,5130.653031,172.180266,441.245244,0.020927
Analog-minimos-cuadrados,navojoa,2021,37.317223,70.007785,0.237809,93.566571,129.880007,0.69556,252.914829,518.240954,0.798966,359.888535,718.896226,20.6178,74.634446,0.018273
Analog-minimos-cuadrados,navojoa,2022,44.983689,84.384663,0.239601,114.666567,138.766709,0.689446,288.53409,613.346674,0.788805,399.087584,849.247273,22.703087,89.967377,0.017724
Analog-minimos-cuadrados,navojoa,2023,72.707207,136.011674,0.213771,188.170046,241.503222,0.694977,498.60198,958.259954,0.805479,676.794486,1261.149662,40.79103,145.414414,0.018152
Analog-minimos-cuadrados,navojoa,2024,88.998146,166.842379,0.194986,224.599685,356.988166,0.754668,676.717974,1236.274262,0.85337,943.534648,1691.943626,60.83207,177.996293,0.018433
Analog-minimos-cuadrados,navojoa,2025,42.744023,80.004129,0.210552,109.797308,159.868849,0.706621,306.052573,570.156444,0.807648,424.533822,765.038207,23.508698,85.488047,0.017536
Analog-minimos-cuadrados,navojoa,2026,46.390892,88.079385,0.220339,110.706979,138.28094,0.641243,178.900458,717.864312,0.732345,259.82359,1113.40391,31.929857,92.781784,0.013988
Analog-minimos-cuadrados,nuevo_laredo,2021,34.020878,63.817269,0.251165,85.112409,116.276709,0.68233,238.370292,479.09969,0.778589,340.615006,666.157267,19.145856,68.041755,0.017893
Analog-minimos-cuadrados,nuevo_laredo,2022,41.869176,78.731524,0.261216,105.024488,126.543148,0.611607,239.632972,585.77431,0.727793,334.522484,822.04168,22.613755,83.738353,0.01833
Analog-minimos-cuadrados,nuevo_laredo,2023,78.752862,147.092088,0.221372,204.676031,259.495011,0.700685,583.489459,1022.40111,0.816667,800.06222,1317.124771,43.437569,157.505725,0.018001
Analog-minimos-cuadrados,nuevo_laredo,2024,135.219782,253.136522,0.218393,345.663531,473.003284,0.68454,978.226775,1825.200831,0.799636,1336.117223,2418.869979,87.741151,270.439564,0.01874
Analog-minimos-cuadrados,nuevo_laredo,2025,56.047505,105.141119,0.228224,142.004578,194.208718,0.634817,353.923262,762.259543,0.747489,493.112118,1042.44347,32.018716,112.095009,0.018544
Analog-minimos-cuadrados,nuevo_laredo,2026,71.767687,135.220903,0.282226,173.946822,209.471969,0.499294,273.66933,1055.212243,0.616525,390.158412,1546.899782,46.614357,143.535373,0.018495
Analog-minimos-cuadrados,obregon,2021,34.574929,64.868316,0.242896,86.970772,120.083526,0.694039,230.573426,477.383742,0.80003,324.888974,662.585635,18.864219,69.149857,0.017776
Analog-minimos-cuadrados,obregon,2022,43.40441,81.407062,0.234315,111.62059,135.160098,0.702839,293.45245,585.163641,0.801397,405.465464,806.515761,21.082512,86.80882,0.018214
Analog-minimos-cuadrados,obregon,2023,70.266746,131.461538,0.210422,180.915471,233.470747,0.709018,495.00007,927.167804,0.810731,670.257593,1229.581294,39.612996,140.533492,0.019026
Analog-minimos-cuadrados,obregon,2024,87.02994,163.216633,0.195443,218.491785,348.00292,0.758083,656.882008,1207.540367,0.856899,919.747019,1673.611696,60.347815,174.05988,0.017685
Analog-minimos-cuadrados,obregon,2025,41.651207,77.942698,0.211164,106.712011,156.209123,0.707648,299.156589,557.815267,0.809361,416.168626,747.536647,23.081936,83.302415,0.019191
Analog-minimos-cuadrados,obregon,2026,45.262735,85.940112,0.21941,108.457928,135.201805,0.631356,173.058963,698.949601,0.739407,249.146058,1090.128186,31.217009,90.525471,0.019887
Analog-minimos-cuadrados,poza_rica,2021,49.122533,92.130647,0.263776,120.726761,158.851725,0.641727,329.131149,709.942551,0.748783,480.877676,1001.940471,31.383158,98.245066,0.018861
Analog-minimos-cuadrados,poza_rica,2022,54.235181,101.803591,0.276204,135.653761,158.631019,0.608402,323.341859,764.290288,0.731571,477.935239,1066.742675,30.472192,108.470362,0.0188
Analog-minimos-cuadrados,poza_rica,2023,96.40332,180.112175,0.225115,248.116707,308.735761,0.679338,702.687573,1278.809821,0.788927,977.606537,1672.542507,53.668288,192.80664,0.01715
Analog-minimos-cuadrados,poza_rica,2024,155.631171,291.337432,0.223599,400.047638,530.536076,0.675774,1117.702085,2060.214724,0.782901,1514.688432,2737.090687,87.341685,311.262341,0.018404
Analog-minimos-cuadrados,poza_rica,2025,72.807328,136.631359,0.244749,184.327337,241.127377,0.621005,428.690089,999.539212,0.73379,592.664098,1370.596156,38.409589,145.614656,0.018497
Analog-minimos-cuadrados,poza_rica,2026,73.07227,137.758254,0.279594,179.445703,220.054585,0.560734,299.42693,1065.394219,0.666667,432.999283,1546.306468,48.609556,146.14454,0.016853
Analog-minimos-cuadrados,tampico,2021,37.53442,70.507348,0.260019,91.873378,124.050049,0.65587,253.630582,548.459518,0.756843,366.653838,783.040027,23.577708,75.068841,0.017424
Analog-minimos-cuadrados,tampico,2022,44.746804,84.059529,0.272212,111.398017,133.988376,0.607143,260.298599,634.483467,0.722756,379.433247,895.018741,26.21764,89.493608,0.0171
Analog-minimos-cuadrados,tampico,2023,74.868831,139.956959,0.216851,192.780951,245.039234,0.685388,539.181196,991.248964,0.806621,760.390771,1303.719144,42.332738,149.737662,0.015402
Analog-minimos-cuadrados,tampico,2024,131.214496,245.645378,0.224975,336.16915,461.487334,0.67418,932.139019,1747.137742,0.795082,1286.491173,2338.248548,80.962532,262.428991,0.017137
Analog-minimos-cuadrados,tampico,2025,54.575982,102.206354,0.240619,138.359549,188.668682,0.649658,348.4286,747.243917,0.767237,491.559055,1006.000974,29.392093,109.151963,0.016001
Analog-minimos-cuadrados,tampico,2026,70.100114,131.966488,0.290433,172.50069,209.36594,0.536723,289.354099,1003.674142,0.658898,422.256118,1458.604312,46.345511,140.200228,0.016522
Analog-minimos-cuadrados,tecamachalco,2021,65.849622,123.663513,0.264735,162.129527,208.848969,0.630018,413.998097,940.90936,0.737987,599.310545,1321.857634,40.848733,131.699243,0.016169
Analog-minimos-cuadrados,tecamachalco,2022,64.162175,120.460575,0.282212,160.154162,186.852849,0.599473,388.694313,908.560533,0.717949,576.398434,1282.63639,37.650518,128.32435,0.018738
Analog-minimos-cuadrados,tecamachalco,2023,107.811127,201.550364,0.226471,278.010406,342.276304,0.66758,766.238633,1424.555593,0.779224,1069.687271,1876.541758,59.050793,215.622255,0.018143
Analog-minimos-cuadrados,tecamachalco,2024,188.285375,352.574811,0.221409,483.266359,628.077956,0.655282,1270.796475,2504.554446,0.763547,1729.802558,3321.810555,103.898923,376.57075,0.018794
Analog-minimos-cuadrados,tecamachalco,2025,128.256398,241.553059,0.251329,319.278352,393.318081,0.568265,641.615425,1830.631314,0.678653,890.275925,2636.829005,73.35624,256.512796,0.015755
Analog-minimos-cuadrados,tecamachalco,2026,81.55535,153.470961,0.288165,201.152422,244.198833,0.533898,344.163416,1192.61723,0.65113,488.795403,1696.164068,50.988866,163.1107,0.013153
Analog-minimos-cuadrados,tepic_vallarta,2021,45.714938,85.908754,0.264906,112.511441,151.120398,0.651764,301.4966,662.800513,0.75517,433.758536,938.265427,27.811207,91.429877,0.012628
Analog-minimos-cuadrados,tepic_vallarta,2022,55.379278,104.102019,0.268495,137.748758,164.609681,0.588942,306.111585,794.921364,0.706616,439.116381,1109.901579,29.093348,110.758556,0.01405
Analog-minimos-cuadrados,tepic_vallarta,2023,95.428025,178.31425,0.221943,247.544373,310.22423,0.672717,678.607844,1244.103077,0.794635,935.757089,1614.614622,51.47315,190.85605,0.014124
Analog-minimos-cuadrados,tepic_vallarta,2024,145.390239,272.082435,0.221933,374.826614,504.41009,0.669057,1011.982887,1914.872539,0.782559,1374.653033,2544.652468,85.748662,290.780479,0.013601
Analog-minimos-cuadrados,tepic_vallarta,2025,65.385873,122.497184,0.236197,166.803671,221.399405,0.647945,405.509999,882.407995,0.757306,558.198666,1179.875385,33.380071,130.771746,0.013757
Analog-minimos-cuadrados,tepic_vallarta,2026,78.616042,148.173005,0.280077,193.800944,236.056505,0.562147,323.95962,1137.555421,0.683616,459.46799,1647.101626,53.389176,157.232085,0.012906
Analog-minimos-cuadrados,teziutlan,2021,54.442504,102.149471,0.262484,134.426585,175.308644,0.645225,358.978495,780.172435,0.749392,520.356699,1096.437326,34.037232,108.885009,0.014827
Analog-minimos-cuadrados,teziutlan,2022,56.762256,106.451071,0.276781,141.866788,165.835177,0.611149,345.833885,798.452295,0.734547,508.783506,1118.589135,32.055338,113.524513,0.013753
Analog-minimos-cuadrados,teziutlan,2023,99.818936,186.489007,0.224009,257.844461,319.776048,0.676598,723.869473,1319.760829,0.791096,1010.177012,1735.186242,55.826817,199.637872,0.013492
Analog-minimos-cuadrados,teziutlan,2024,167.631048,313.615246,0.22438,432.280606,571.25279,0.670993,1180.069206,2217.744211,0.788479,1606.053222,2900.194645,92.947097,335.262096,0.012621
Analog-minimos-cuadrados,teziutlan,2025,91.381693,171.798597,0.247169,229.963916,291.054857,0.603881,499.872482,1269.115107,0.724201,693.239634,1771.10465,48.803048,182.763387,0.01254
Analog-minimos-cuadrados,teziutlan,2026,76.37065,143.985875,0.279602,187.557268,229.180283,0.550847,313.216798,1112.799076,0.677966,445.769562,1626.33152,49.688429,152.7413,0.011875
Analog-minimos-cuadrados,veracruz,2021,62.743195,117.828154,0.263371,154.000168,199.223259,0.625456,397.84015,900.763338,0.735706,571.635674,1273.710234,39.299844,125.486391,0.014422
Analog-minimos-cuadrados,veracruz,2022,63.671181,119.638641,0.277388,158.910268,186.752319,0.601076,382.895159,904.718415,0.727564,564.962615,1288.962183,38.562284,127.342362,0.01378
Analog-minimos-cuadrados,veracruz,2023,104.583969,195.472068,0.227135,269.022269,332.03502,0.677283,756.808215,1379.838658,0.78984,1065.570284,1827.122195,57.980283,209.167939,0.013032
Analog-minimos-cuadrados,veracruz,2024,185.086492,346.707489,0.22505,473.707869,618.160119,0.655624,1223.563165,2478.489511,0.768443,1679.951434,3296.46466,105.22093,370.172983,0.014128
Analog-minimos-cuadrados,veracruz,2025,123.860976,233.214479,0.25231,307.741123,380.287348,0.568493,624.831778,1770.479114,0.684817,876.897139,2547.186281,71.966974,247.721952,0.013522
Analog-minimos-cuadrados,veracruz,2026,79.052652,148.917741,0.273848,192.672807,231.226702,0.528955,323.147284,1163.863332,0.644774,460.987462,1693.682878,51.330911,158.105303,0.012822
Analog-minimos-cuadrados,victoria,2021,37.298466,70.024296,0.257842,92.35486,125.070129,0.657847,246.757416,531.237172,0.761709,352.341533,751.555713,22.773371,74.596932,0.014848
Analog-minimos-cuadrados,victoria,2022,44.675334,83.963209,0.265501,111.325993,133.992462,0.612981,261.201861,636.931127,0.728365,377.759971,896.427555,25.447942,89.350669,0.014188
Analog-minimos-cuadrados,victoria,2023,78.770456,147.244055,0.218821,203.601873,258.77235,0.684932,557.269557,1040.095084,0.804452,778.29938,1358.99218,44.365558,157.540911,0.01294
Analog-minimos-cuadrados,victoria,2024,136.962396,256.40744,0.218552,350.482493,479.192324,0.688183,992.451106,1825.560124,0.80066,1359.050995,2407.127932,84.23095,273.924792,0.014221
Analog-minimos-cuadrados,victoria,2025,54.890216,102.880979,0.237725,138.923868,190.890138,0.6379,348.532873,753.469178,0.753196,492.183327,1013.431542,30.040491,109.780433,0.01388
Analog-minimos-cuadrados,victoria,2026,72.11405,135.725563,0.291548,177.251913,214.423973,0.507062,281.27525,1035.814175,0.637712,410.58738,1492.913759,47.469749,144.228101,0.010671
Analog-minimos-cuadrados,villahermosa,2021,82.632456,155.95448,0.263829,197.392546,274.429148,0.595499,523.225137,1242.526498,0.703467,728.68908,1817.76303,59.59515,165.264912,0.01162
Analog-minimos-cuadrados,villahermosa,2022,70.589142,132.673192,0.278838,174.982538,207.100539,0.555632,396.633292,1014.785859,0.677083,593.956629,1460.325726,42.861435,141.178284,0.011787
Analog-minimos-cuadrados,villahermosa,2023,113.11543,211.634048,0.229249,289.643798,358.9925,0.647945,779.657925,1513.025643,0.764954,1113.118651,2033.498126,65.656149,226.23086,0.013864
Analog-minimos-cuadrados,villahermosa,2024,206.86529,387.501435,0.224635,529.170853,689.845253,0.645264,1350.842932,2770.110906,0.758766,1860.363586,3748.027866,118.143419,413.73058,0.013619
Analog-minimos-cuadrados,villahermosa,2025,193.038307,363.164949,0.246875,480.349831,620.802533,0.570205,1163.554176,2731.389286,0.693379,1628.892892,3882.211644,117.194856,386.076614,0.013792
Analog-minimos-cuadrados,villahermosa,2026,143.079565,270.274156,0.281192,349.587578,452.97554,0.536017,676.127625,2102.105124,0.651836,968.115461,3124.573999,107.452765,286.159129,0.012706
Analog-minimos-cuadrados,zamora,2021,47.879332,89.950405,0.269103,117.380494,157.785242,0.651612,319.216627,695.124759,0.750304,468.169551,990.596021,29.784475,95.758665,0.014332
Analog-minimos-cuadrados,zamora,2022,55.046022,103.408469,0.277051,137.323445,162.466654,0.612294,318.567588,779.139548,0.72848,467.521429,1084.279827,29.175332,110.092043,0.013335
Analog-minimos-cuadrados,zamora,2023,95.872994,179.080923,0.224843,248.758935,310.978155,0.677626,683.987995,1250.589039,0.785388,943.619845,1614.544872,51.247524,191.745987,0.013083
Analog-minimos-cuadrados,zamora,2024,149.707439,280.079428,0.223445,387.745001,523.64837,0.672359,1069.88737,1972.351147,0.787796,1456.661485,2588.010961,86.796097,299.414878,0.012775
Analog-minimos-cuadrados,zamora,2025,63.156753,118.305592,0.239537,160.909156,217.028899,0.657648,403.956795,852.847815,0.765068,558.244166,1144.186036,32.999382,126.313507,0.012558
Analog-minimos-cuadrados,zamora,2026,78.720065,148.393341,0.294536,192.427127,236.325489,0.548729,330.189156,1145.925696,0.68291,471.987536,1673.744303,53.419505,157.440131,0.015153
