method,anio,mean_pinball,crps,reliability,cover80,sharp80,winkler80,cover90,sharp90,winkler90,mae,pinball95,seconds
Analog,2021,50.158627,93.938197,0.237526,0.748078,419.822049,713.057387,0.838704,602.200976,985.161632,124.062051,31.852007,0.015371
Analog,2022,53.888727,100.85526,0.249026,0.714212,416.955967,745.755897,0.816822,603.810074,1023.616951,136.132238,31.089161,0.015439
Analog,2023,92.722457,172.968708,0.205836,0.78663,848.288149,1226.775681,0.87858,1166.21586,1593.022981,239.043664,52.654372,0.015271
Analog,2024,143.286171,267.727279,0.199857,0.789331,1269.791711,1903.848457,0.878056,1724.406614,2500.991651,369.546413,86.747241,0.01551
Analog,2025,81.001226,151.533142,0.214562,0.743553,634.367618,1096.4119,0.838594,884.6417,1474.685712,206.696492,47.033641,0.015571
Analog,2026,76.633938,144.001235,0.239566,0.674972,440.06572,1081.289537,0.786299,625.828659,1534.045092,190.953979,51.790532,0.015006
Analog-minimos-cuadrados,2021,49.468952,92.959583,0.255444,0.659094,322.784369,711.385354,0.762737,462.74472,1007.552726,121.93791,30.752043,0.015371
Analog-minimos-cuadrados,2022,54.511753,102.344376,0.264348,0.627038,329.885458,765.426185,0.740563,476.984899,1073.829633,136.66062,30.36628,0.015439
Analog-minimos-cuadrados,2023,94.278124,176.227796,0.218785,0.687571,677.828945,1241.154009,0.800041,940.551673,1627.882425,243.516036,52.370508,0.015271
Analog-minimos-cuadrados,2024,146.077358,273.511733,0.215725,0.689599,1025.10995,1950.4393,0.80005,1402.385649,2601.369508,374.639233,86.634514,0.01551
Analog-minimos-cuadrados,2025,83.136021,156.070622,0.231124,0.645982,505.107391,1148.924619,0.756635,703.471568,1589.796114,209.796652,46.664309,0.015571
Analog-minimos-cuadrados,2026,78.984124,149.149394,0.264667,0.564576,328.786863,1167.382372,0.682684,468.167607,1725.080971,192.513551,53.943203,0.015006
