method,anio,mean_pinball,crps,reliability,cover80,sharp80,winkler80,mae,seconds
Analog,2021,51.935155,93.938197,0.246704,0.748078,419.822049,713.057387,124.062051,0.015371
Analog,2022,55.842498,100.85526,0.258507,0.714212,416.955967,745.755897,136.132238,0.015439
Analog,2023,96.360919,172.968708,0.214279,0.78663,848.288149,1226.775681,239.043664,0.015271
Analog,2024,148.840681,267.727279,0.207983,0.789331,1269.791711,1903.848457,369.546413,0.01551
Analog,2025,84.040952,151.533142,0.222592,0.743553,634.367618,1096.4119,206.696492,0.015571
Analog,2026,79.268778,144.001235,0.247979,0.674972,440.06572,1081.289537,190.953979,0.015006
Analog-minimos-cuadrados,2021,51.155313,92.959583,0.264194,0.659094,322.784369,711.385354,121.93791,0.015371
Analog-minimos-cuadrados,2022,56.421788,102.344376,0.272994,0.627038,329.885458,765.426185,136.66062,0.015439
Analog-minimos-cuadrados,2023,97.937673,176.227796,0.22656,0.687571,677.828945,1241.154009,243.516036,0.015271
Analog-minimos-cuadrados,2024,151.635581,273.511733,0.223286,0.689599,1025.10995,1950.4393,374.639233,0.01551
Analog-minimos-cuadrados,2025,86.123148,156.070622,0.238562,0.645982,505.107391,1148.924619,209.796652,0.015571
Analog-minimos-cuadrados,2026,81.477007,149.149394,0.272277,0.564576,328.786863,1167.382372,192.513551,0.015006
