method,zone,anio,mean_pinball,crps,reliability,mae,rmse,cover80,sharp80,winkler80,wis,seconds
Analog,caborca,2021,36.710068,66.223797,0.216356,89.691187,124.344044,0.782847,290.156924,483.030785,73.420136,0.016127
Analog,caborca,2022,44.442279,80.056444,0.228902,109.266311,135.405106,0.777129,355.16998,576.224147,88.884559,0.014162
Analog,caborca,2023,63.283513,113.765922,0.193681,156.600691,210.232836,0.771689,507.681423,807.570599,126.567025,0.013085
Analog,caborca,2024,85.265325,153.970867,0.178625,210.097532,337.669959,0.821266,645.849601,1106.785943,170.530651,0.013868
Analog,caborca,2025,39.709114,71.389637,0.193039,97.680972,147.713243,0.802055,333.568355,510.865363,79.418227,0.014641
Analog,caborca,2026,43.659209,80.244644,0.18925,102.008651,128.539561,0.781073,205.936859,636.815308,87.318418,0.014699
Analog,centro_oriente,2021,50.688564,91.943369,0.257509,119.284662,158.259632,0.737987,418.8213,719.588868,101.377129,0.015717
Analog,centro_oriente,2022,54.588272,98.562532,0.264283,133.232508,157.405657,0.708219,407.134669,723.467459,109.176544,0.014547
Analog,centro_oriente,2023,99.572517,178.559083,0.221012,247.439408,311.423944,0.786758,882.383991,1261.776637,199.145034,0.014277
Analog,centro_oriente,2024,154.186278,276.866029,0.216672,386.825969,528.128349,0.779485,1360.903022,1931.103746,308.372555,0.011348
Analog,centro_oriente,2025,66.265269,119.336621,0.224036,163.6485,226.06417,0.736872,499.84136,855.464928,132.530538,0.013365
Analog,centro_oriente,2026,74.785928,135.554308,0.266463,181.576167,226.379837,0.649718,404.011086,1000.615663,149.571855,0.011476
Analog,centro_sur,2021,55.77428,100.698527,0.253427,132.722156,172.789192,0.747111,467.223852,767.142057,111.548559,0.012183
Analog,centro_sur,2022,57.152696,103.107594,0.273051,139.52475,164.145537,0.70467,425.259476,757.477645,114.305392,0.013283
Analog,centro_sur,2023,100.534239,180.33736,0.221312,249.674212,313.824277,0.785274,889.796089,1269.004733,201.068478,0.013792
Analog,centro_sur,2024,157.184072,282.451002,0.214698,393.833398,536.448557,0.789617,1379.130613,1975.190298,314.368145,0.012826
Analog,centro_sur,2025,79.03333,142.405154,0.240332,195.926432,254.915581,0.722603,576.092993,1016.434284,158.06666,0.012631
Analog,centro_sur,2026,78.678937,142.945903,0.269947,191.033698,238.467929,0.646893,418.755682,1053.819954,157.357874,0.013803
Analog,chihuahua,2021,31.421709,56.612865,0.242275,76.370393,106.447777,0.779501,267.469428,416.622718,62.843417,0.013344
Analog,chihuahua,2022,40.869558,73.629097,0.245978,100.83168,124.024995,0.751717,316.007801,532.184164,81.739117,0.015165
Analog,chihuahua,2023,73.393361,131.879328,0.203376,181.266921,239.318865,0.807306,640.816271,945.123083,146.786722,0.014432
Analog,chihuahua,2024,113.823029,204.705589,0.195618,280.166579,411.297057,0.817964,969.33094,1473.953203,227.646059,0.014271
Analog,chihuahua,2025,49.776829,89.590682,0.209059,123.413402,171.779255,0.77911,408.429093,633.96872,99.553658,0.014234
Analog,chihuahua,2026,57.053762,103.879947,0.236566,136.38789,167.432714,0.697034,292.206275,787.393173,114.107523,0.012398
Analog,chilpancingo,2021,64.533816,116.619306,0.249162,153.860588,197.770993,0.739964,525.519667,881.605419,129.067632,0.013671
Analog,chilpancingo,2022,63.888567,115.198676,0.274351,156.008706,183.586251,0.69723,471.240359,840.738283,127.777134,0.012814
Analog,chilpancingo,2023,111.51952,200.041575,0.221002,276.935278,351.258479,0.790183,1004.66381,1415.696051,223.039041,0.014346
Analog,chilpancingo,2024,174.652631,313.941601,0.218435,436.938806,590.397297,0.777664,1515.171025,2215.00153,349.305263,0.014118
Analog,chilpancingo,2025,107.712918,194.544431,0.24083,264.312376,336.760338,0.703767,745.369673,1418.873253,215.425836,0.013935
Analog,chilpancingo,2026,99.451597,180.704966,0.270323,240.765263,310.282649,0.670198,584.54948,1348.283585,198.903194,0.015124
Analog,coatzacoalcos,2021,73.277155,132.529691,0.253954,174.486116,223.655324,0.722172,580.630366,999.738227,146.55431,0.013343
Analog,coatzacoalcos,2022,69.284866,125.335866,0.2689,169.003446,197.635835,0.683837,520.594977,934.100385,138.569732,0.014026
Analog,coatzacoalcos,2023,112.432488,201.743582,0.224675,278.730927,346.499274,0.771233,989.808861,1428.240147,224.864976,0.013157
Analog,coatzacoalcos,2024,202.754767,364.295778,0.216353,506.187808,663.41463,0.76184,1673.176034,2560.592141,405.509534,0.012768
Analog,coatzacoalcos,2025,146.479536,264.970079,0.236991,357.989851,449.660583,0.694178,976.520514,1950.309949,292.959072,0.01349
Analog,coatzacoalcos,2026,85.780498,155.211099,0.260075,209.654621,254.220189,0.68291,521.513617,1145.673779,171.560996,0.013261
Analog,culiacan,2021,41.868596,75.7027,0.240193,101.583202,138.271202,0.763078,334.789395,558.924907,83.737192,0.014934
Analog,culiacan,2022,50.494914,91.064355,0.244974,124.424959,149.332186,0.729396,369.976277,657.631195,100.989828,0.013689
Analog,culiacan,2023,86.64826,155.619491,0.203945,214.85899,277.896863,0.788128,734.875745,1103.98853,173.29652,0.012482
Analog,culiacan,2024,128.914237,232.089767,0.211549,316.393082,438.769886,0.774135,1083.893924,1672.15401,257.828473,0.012984
Analog,culiacan,2025,60.152604,108.237807,0.196005,149.260293,202.443586,0.779452,498.641089,768.192066,120.305208,0.015438
Analog,culiacan,2026,54.205784,99.058459,0.211425,127.723031,161.815925,0.641243,275.712434,782.395179,108.411568,0.011736
Analog,durango,2021,41.690253,75.3635,0.241447,101.15278,137.844418,0.757147,329.634736,561.433814,83.380505,0.013251
Analog,durango,2022,49.032,88.227033,0.249056,121.483537,147.761336,0.72619,366.389852,627.24987,98.063999,0.013089
Analog,durango,2023,87.448549,156.889362,0.205642,218.276531,282.239991,0.794863,752.390061,1102.616712,174.897098,0.012677
Analog,durango,2024,134.274625,241.407596,0.203547,332.841086,468.524736,0.79383,1155.258599,1723.661534,268.54925,0.014546
Analog,durango,2025,61.425864,110.278909,0.203531,153.49698,207.760216,0.784132,518.985068,765.360397,122.851728,0.014551
Analog,durango,2026,75.726722,137.382431,0.225251,183.982478,224.541946,0.693503,431.2851,1016.74704,151.453445,0.015152
Analog,fresnillo,2021,50.046173,90.657054,0.252822,119.267473,161.701627,0.740268,398.684012,700.742451,100.092346,0.01216
Analog,fresnillo,2022,55.467556,100.038654,0.267048,135.731164,162.552099,0.701122,401.142286,731.72351,110.935113,0.01425
Analog,fresnillo,2023,95.760528,171.70595,0.217106,239.324058,305.25917,0.790525,834.885559,1206.497385,191.521055,0.016462
Analog,fresnillo,2024,149.786541,269.067809,0.21206,375.239501,521.819062,0.791894,1277.961713,1882.849481,299.573082,0.01843
Analog,fresnillo,2025,62.536672,112.278781,0.226015,154.960497,213.436846,0.762785,495.736629,795.561948,125.073343,0.017345
Analog,fresnillo,2026,77.990446,141.458237,0.268503,188.701148,234.612868,0.674435,421.095184,1044.83642,155.980891,0.017768
Analog,hermosillo,2021,35.30979,63.697073,0.21889,86.367091,119.672645,0.785128,284.66178,467.322127,70.619579,0.017873
Analog,hermosillo,2022,43.145941,77.866477,0.235707,106.215043,130.287619,0.762592,335.380459,564.540052,86.291883,0.01784
Analog,hermosillo,2023,70.040577,125.904829,0.205665,171.827163,226.690049,0.775685,573.38534,897.852509,140.081154,0.017756
Analog,hermosillo,2024,89.243401,161.184118,0.187735,216.211317,346.581398,0.827869,751.786338,1189.047523,178.486802,0.016897
Analog,hermosillo,2025,40.566645,72.924396,0.205302,99.891183,149.208895,0.791895,345.780565,520.850244,81.133289,0.019126
Analog,hermosillo,2026,43.463579,79.866826,0.200361,101.870203,127.643478,0.726695,206.859076,633.975391,86.927158,0.017922
Analog,ixmiquilpan,2021,48.339433,87.541983,0.258567,113.692955,152.563881,0.743157,410.179866,681.667984,96.678866,0.018183
Analog,ixmiquilpan,2022,53.595827,96.727736,0.268407,130.761493,154.616109,0.710852,394.623676,712.184495,107.191654,0.01777
Analog,ixmiquilpan,2023,96.984075,173.946854,0.216867,241.355342,306.703205,0.793151,855.139134,1224.968602,193.96815,0.018508
Analog,ixmiquilpan,2024,150.626047,270.572798,0.214564,379.015432,521.446149,0.792122,1323.819014,1890.322953,301.252095,0.01906
Analog,ixmiquilpan,2025,60.471833,108.773402,0.227314,148.814952,206.242248,0.741553,466.246689,781.243872,120.943665,0.018378
Analog,ixmiquilpan,2026,74.012321,134.588096,0.267012,177.316319,221.622099,0.646893,387.5941,1009.994909,148.024642,0.020111
Analog,mazatlan,2021,42.469188,76.808789,0.245114,102.595006,139.407861,0.748631,337.01756,571.692188,84.938376,0.016628
Analog,mazatlan,2022,51.222306,92.428952,0.249293,125.496204,150.524942,0.708906,363.838558,670.595723,102.444612,0.017963
Analog,mazatlan,2023,90.763991,162.798606,0.204642,225.353588,289.280779,0.794406,792.989241,1151.631489,181.527983,0.017605
Analog,mazatlan,2024,135.82128,244.368319,0.203418,336.328521,466.082097,0.781307,1158.29713,1741.49938,271.642561,0.017801
Analog,mazatlan,2025,64.535781,115.972514,0.210479,160.257138,212.281648,0.762785,517.652146,819.124791,129.071562,0.01807
Analog,mazatlan,2026,78.576207,142.104858,0.22511,190.213714,231.202963,0.678672,458.213712,1041.210348,157.152413,0.015743
Analog,merida,2021,107.706376,195.551357,0.24876,257.440102,355.207735,0.698753,780.694644,1495.168709,215.412752,0.017798
Analog,merida,2022,108.893955,197.745255,0.259384,258.848785,336.214893,0.696772,836.252739,1549.576934,217.787909,0.017582
Analog,merida,2023,209.919462,377.402836,0.214498,517.021594,694.669901,0.784589,1941.844192,2713.960865,419.838924,0.016798
Analog,merida,2024,235.125234,424.554799,0.209672,577.591392,783.210558,0.762067,1912.077415,3092.864763,470.250467,0.018687
Analog,merida,2025,265.831569,480.211446,0.219079,650.256398,897.22736,0.72032,2078.705657,3529.179215,531.663138,0.018507
Analog,merida,2026,220.804668,403.442553,0.239768,527.566662,697.79317,0.673023,1285.930859,3118.169607,441.609336,0.020927
Analog,navojoa,2021,38.940117,70.303627,0.232178,94.398544,130.589971,0.774179,317.065628,519.047648,77.880235,0.018273
Analog,navojoa,2022,46.374224,83.744297,0.237836,113.968665,138.069953,0.749199,350.235726,609.171982,92.748448,0.017724
Analog,navojoa,2023,75.170791,135.078578,0.207702,186.496538,241.755876,0.773516,605.857111,954.576488,150.341583,0.018152
Analog,navojoa,2024,93.056224,168.063608,0.187912,225.051272,359.467362,0.82286,807.82002,1255.898232,186.112448,0.018433
Analog,navojoa,2025,43.790211,78.810372,0.206986,108.021903,158.75814,0.773402,359.291986,563.159685,87.580422,0.017536
Analog,navojoa,2026,46.382335,85.003506,0.210311,108.451604,138.492391,0.711158,230.680047,678.697858,92.76467,0.013988
Analog,nuevo_laredo,2021,35.467416,64.009392,0.24536,85.540946,116.276851,0.76688,307.898001,483.924513,70.934831,0.017893
Analog,nuevo_laredo,2022,42.698017,77.134521,0.258061,104.422194,125.849363,0.712225,308.032946,561.230171,85.396034,0.01833
Analog,nuevo_laredo,2023,80.574622,144.4908,0.215396,199.69635,256.422016,0.804452,732.453715,1025.930088,161.149243,0.018001
Analog,nuevo_laredo,2024,137.176875,246.879297,0.209742,335.185793,467.623223,0.790301,1199.346584,1806.018335,274.353751,0.01874
Analog,nuevo_laredo,2025,56.927187,102.556184,0.219089,140.452691,193.567173,0.742123,440.983296,732.956981,113.854375,0.018544
Analog,nuevo_laredo,2026,71.746323,129.831344,0.266133,172.651252,210.574816,0.612288,367.273361,966.358296,143.492646,0.018495
Analog,obregon,2021,36.124439,65.185588,0.237551,88.030628,121.045479,0.774027,289.498474,477.446413,72.248879,0.017776
Analog,obregon,2022,44.778511,80.804431,0.233453,110.393899,134.046489,0.763507,352.616359,585.760351,89.557022,0.018214
Analog,obregon,2023,72.952212,131.16256,0.20361,179.660423,234.161186,0.780251,597.929403,930.230451,145.904424,0.019026
Analog,obregon,2024,91.156495,164.717596,0.187809,219.766356,350.784999,0.822404,786.422671,1227.815547,182.31299,0.017685
Analog,obregon,2025,42.680942,76.808676,0.207445,104.972704,155.195097,0.775,350.726025,551.558132,85.361885,0.019191
Analog,obregon,2026,45.261554,83.012135,0.207407,106.578307,135.408429,0.700565,222.608827,663.518916,90.523109,0.019887
Analog,poza_rica,2021,51.749638,93.457113,0.25367,123.574402,162.20321,0.739051,432.99872,714.297095,103.499276,0.018861
Analog,poza_rica,2022,55.36337,100.013232,0.269254,134.752029,158.702525,0.701694,412.42648,743.727919,110.726739,0.0188
Analog,poza_rica,2023,97.991431,175.757649,0.220791,242.494338,306.393339,0.790411,887.092998,1252.045396,195.982862,0.01715
Analog,poza_rica,2024,157.796989,283.630507,0.215141,393.009137,529.530827,0.790187,1384.065269,2000.889584,315.593979,0.018404
Analog,poza_rica,2025,73.328571,132.105235,0.233742,181.24153,239.838308,0.730137,538.405367,943.562922,146.657142,0.018497
Analog,poza_rica,2026,73.417813,132.7932,0.26177,178.567258,221.809992,0.670904,400.248224,979.42966,146.835626,0.016853
Analog,tampico,2021,39.188127,70.924489,0.251389,92.36602,124.806664,0.739964,327.994298,553.674341,78.376254,0.017424
Analog,tampico,2022,45.755839,82.673844,0.265774,110.899675,134.230146,0.696085,332.212009,617.59026,91.511678,0.0171
Analog,tampico,2023,76.186957,136.831395,0.2098,188.317489,243.340014,0.797831,686.139027,983.833485,152.373914,0.015402
Analog,tampico,2024,132.308137,237.995274,0.215968,327.849654,458.278233,0.786999,1151.034239,1700.130699,264.616275,0.017137
Analog,tampico,2025,55.321164,99.52279,0.233077,136.161704,187.338791,0.745662,429.114205,717.068714,110.642328,0.016001
Analog,tampico,2026,70.505431,127.664773,0.27489,170.924721,210.366234,0.643362,381.928063,928.123025,141.010862,0.016522
Analog,tecamachalco,2021,69.365805,125.163522,0.250747,165.632057,214.149475,0.744678,561.639947,943.156392,138.731609,0.016169
Analog,tecamachalco,2022,65.625043,118.500532,0.272894,159.548652,187.498174,0.701351,502.477771,886.262562,131.250086,0.018738
Analog,tecamachalco,2023,109.783179,196.927872,0.222433,273.07607,340.608492,0.783105,980.322661,1392.650168,219.566357,0.018143
Analog,tecamachalco,2024,191.633132,343.971314,0.211842,479.483123,631.813524,0.779713,1626.645791,2398.730511,383.266265,0.018794
Analog,tecamachalco,2025,128.215392,231.614913,0.235961,315.233544,395.574562,0.70742,865.712379,1693.031316,256.430783,0.015755
Analog,tecamachalco,2026,80.810362,145.934184,0.268032,198.860238,244.750505,0.68291,465.464934,1057.025854,161.620724,0.013153
Analog,tepic_vallarta,2021,47.96188,86.700277,0.255539,114.017228,153.111106,0.741636,395.418096,664.897485,95.923761,0.012628
Analog,tepic_vallarta,2022,56.306828,101.605143,0.260615,136.668966,164.174663,0.689446,398.848099,759.793993,112.613657,0.01405
Analog,tepic_vallarta,2023,97.191339,174.362584,0.220446,242.739143,307.894986,0.779224,849.848449,1224.876957,194.382678,0.014124
Analog,tepic_vallarta,2024,147.251524,264.616381,0.213957,367.36981,503.292471,0.76719,1246.81641,1865.103373,294.503049,0.013601
Analog,tepic_vallarta,2025,66.461409,119.470406,0.229046,164.758302,219.841675,0.738356,504.870796,846.745198,132.922818,0.013757
Analog,tepic_vallarta,2026,78.92901,142.905077,0.262429,191.440063,236.517705,0.663136,426.770671,1060.346483,157.85802,0.012906
Analog,teziutlan,2021,57.530561,103.862919,0.250196,137.941311,179.758646,0.751977,480.084277,786.177064,115.061121,0.014827
Analog,teziutlan,2022,57.995817,104.648294,0.269508,140.93846,165.890313,0.703411,440.432975,775.807509,115.991633,0.013753
Analog,teziutlan,2023,101.454983,182.052296,0.22055,252.925388,317.741417,0.786644,915.214482,1288.777808,202.909966,0.013492
Analog,teziutlan,2024,170.480539,306.143473,0.216735,426.974297,572.520686,0.78347,1469.154476,2144.495284,340.961077,0.012621
Analog,teziutlan,2025,91.799945,165.695388,0.236352,226.244295,290.587099,0.715868,639.896103,1198.212942,183.59989,0.01254
Analog,teziutlan,2026,76.684629,138.937428,0.263732,186.803607,231.129397,0.665254,416.880825,1016.400457,153.369259,0.011875
Analog,veracruz,2021,66.015813,119.227821,0.249395,157.165045,203.559807,0.74042,541.062771,898.753421,132.031627,0.014422
Analog,veracruz,2022,65.229661,118.020826,0.266664,158.614492,188.043861,0.708906,497.97606,882.598668,130.459322,0.01378
Analog,veracruz,2023,106.547334,191.205396,0.223343,264.20139,330.234323,0.786758,966.566058,1358.242294,213.094667,0.013032
Analog,veracruz,2024,188.410374,338.584242,0.214843,469.888135,621.686932,0.777778,1566.323111,2380.845823,376.820748,0.014128
Analog,veracruz,2025,124.233797,224.494174,0.237626,304.323485,383.072038,0.7,841.867345,1645.813771,248.467595,0.013522
Analog,veracruz,2026,78.462688,141.863914,0.25408,191.401433,232.548688,0.685028,449.167824,1037.670738,156.925375,0.012822
Analog,victoria,2021,38.932516,70.376959,0.250443,92.945988,125.762359,0.738139,315.245573,533.749531,77.865033,0.014848
Analog,victoria,2022,45.649645,82.55635,0.259852,110.727819,133.773952,0.698146,333.020523,615.766826,91.299289,0.014188
Analog,victoria,2023,80.23074,144.110066,0.212268,199.32871,257.362769,0.797146,712.141174,1027.641534,160.46148,0.01294
Analog,victoria,2024,138.514915,249.230227,0.212525,342.185572,475.515947,0.792008,1221.144678,1785.37181,277.029831,0.014221
Analog,victoria,2025,55.646653,100.183832,0.229295,137.075281,189.823961,0.733333,428.957925,720.893287,111.293307,0.01388
Analog,victoria,2026,72.537541,131.051858,0.277495,176.548042,216.303593,0.615819,370.290236,961.043428,145.075082,0.010671
Analog,villahermosa,2021,87.045527,158.406452,0.250963,202.589929,282.984549,0.712287,688.938636,1242.40157,174.091054,0.01162
Analog,villahermosa,2022,72.002296,130.199306,0.267229,175.130195,208.822038,0.678571,532.627537,973.944377,144.004592,0.011787
Analog,villahermosa,2023,114.898362,206.430944,0.224107,284.06105,356.139746,0.775457,1019.355294,1477.535207,229.796724,0.013864
Analog,villahermosa,2024,209.271656,376.288293,0.213568,522.583279,690.773098,0.77459,1772.431848,2648.53064,418.543312,0.013619
Analog,villahermosa,2025,193.927376,350.708628,0.229825,470.206416,624.662746,0.701027,1503.866474,2609.707501,387.854753,0.013792
Analog,villahermosa,2026,143.310226,260.532796,0.249357,342.245293,457.374104,0.700565,944.637521,1986.071831,286.620452,0.012706
Analog,zamora,2021,50.221643,90.886747,0.261699,118.835475,159.841184,0.732968,412.223267,704.228952,100.443286,0.014332
Analog,zamora,2022,56.204462,101.492049,0.272192,136.412312,162.272127,0.694139,399.981585,754.548939,112.408924,0.013335
Analog,zamora,2023,97.739935,175.212779,0.223115,244.430019,309.196335,0.777169,853.62363,1224.1248,195.47987,0.013083
Analog,zamora,2024,152.302685,273.585691,0.216581,381.643483,524.89437,0.774704,1306.932318,1927.355084,304.605371,0.012775
Analog,zamora,2025,64.193199,115.444094,0.234333,158.811464,215.570626,0.744977,493.928715,822.158022,128.386397,0.012558
Analog,zamora,2026,79.481871,144.058326,0.273776,190.577809,237.86258,0.661017,432.029009,1077.621518,158.963742,0.015153
Analog-minimos-cuadrados,caborca,2021,35.989074,65.112562,0.229231,87.819601,122.959276,0.741636,245.563508,476.572359,71.978148,0.016127
Analog-minimos-cuadrados,caborca,2022,44.260085,79.832327,0.234427,109.024885,135.166456,0.74359,316.545405,572.381679,88.52017,0.014162
Analog-minimos-cuadrados,caborca,2023,62.730623,112.948759,0.205444,155.395279,209.003546,0.731507,439.159187,801.668526,125.461245,0.013085
Analog-minimos-cuadrados,caborca,2024,82.850395,150.045413,0.190022,201.786342,331.910316,0.779258,549.282834,1102.053892,165.700791,0.013868
Analog-minimos-cuadrados,caborca,2025,39.954198,71.921676,0.20137,99.334379,148.750157,0.755023,295.933164,508.318225,79.908397,0.014641
Analog-minimos-cuadrados,caborca,2026,44.36545,81.926071,0.196924,103.084057,127.103698,0.733051,173.00762,664.129959,88.730901,0.014699
Analog-minimos-cuadrados,centro_oriente,2021,49.742053,90.567419,0.273817,117.195065,155.576936,0.656934,322.936804,708.102929,99.484106,0.015717
Analog-minimos-cuadrados,centro_oriente,2022,55.302061,100.257398,0.280093,133.760396,157.234316,0.613897,321.145682,747.201028,110.604121,0.014547
Analog-minimos-cuadrados,centro_oriente,2023,101.60118,182.771166,0.232278,252.478166,313.263571,0.674315,701.041137,1287.371761,203.20236,0.014277
Analog-minimos-cuadrados,centro_oriente,2024,157.955421,284.218898,0.230573,393.992211,528.451852,0.677368,1111.77867,1982.491252,315.910843,0.011348
Analog-minimos-cuadrados,centro_oriente,2025,67.824979,122.625278,0.243993,165.237287,225.951702,0.628995,395.460747,900.536062,135.649959,0.013365
Analog-minimos-cuadrados,centro_oriente,2026,77.285887,141.117507,0.292122,183.347063,225.849347,0.539548,303.327367,1090.823353,154.571775,0.011476
Analog-minimos-cuadrados,centro_sur,2021,54.664977,99.147833,0.272401,129.987351,169.499125,0.644161,353.186064,760.664808,109.329955,0.012183
Analog-minimos-cuadrados,centro_sur,2022,57.74889,104.660797,0.288604,139.870359,163.689904,0.613095,336.45135,779.677427,115.497781,0.013283
Analog-minimos-cuadrados,centro_sur,2023,102.432691,184.305202,0.23241,254.280169,315.693279,0.678881,707.789589,1290.680283,204.865383,0.013792
Analog-minimos-cuadrados,centro_sur,2024,160.82001,289.422033,0.230796,400.623239,536.428195,0.677937,1125.185452,2021.934768,321.64002,0.012826
Analog-minimos-cuadrados,centro_sur,2025,81.142198,146.934507,0.256365,199.03216,256.199618,0.623516,464.290153,1069.826256,162.284395,0.012631
Analog-minimos-cuadrados,centro_sur,2026,80.848338,147.979908,0.298431,192.29083,235.811858,0.534605,315.193644,1147.628549,161.696676,0.013803
Analog-minimos-cuadrados,chihuahua,2021,31.144754,56.278793,0.257063,75.772192,106.110937,0.706813,216.153331,413.426757,62.289508,0.013344
Analog-minimos-cuadrados,chihuahua,2022,41.042622,74.190136,0.25713,101.251492,124.406955,0.693681,262.370927,537.753438,82.085245,0.015165
Analog-minimos-cuadrados,chihuahua,2023,73.61033,132.510423,0.213701,183.339965,238.976041,0.73516,528.101793,936.771869,147.220661,0.014432
Analog-minimos-cuadrados,chihuahua,2024,115.642134,208.392903,0.208703,286.520825,414.420785,0.744194,813.900982,1479.731098,231.284269,0.014271
Analog-minimos-cuadrados,chihuahua,2025,50.571014,91.192953,0.220304,125.402751,174.138413,0.709589,345.746665,644.263912,101.142028,0.014234
Analog-minimos-cuadrados,chihuahua,2026,58.467478,107.051953,0.251554,138.403642,167.360088,0.628531,233.289253,835.182662,116.934955,0.012398
Analog-minimos-cuadrados,chilpancingo,2021,63.014878,114.441806,0.270249,149.915834,192.70485,0.63747,392.033605,876.220978,126.029755,0.013671
Analog-minimos-cuadrados,chilpancingo,2022,64.544146,117.041645,0.291626,156.072734,182.603531,0.594208,365.72921,868.787169,129.088292,0.012814
Analog-minimos-cuadrados,chilpancingo,2023,113.595682,204.390509,0.233227,282.358242,353.414686,0.677968,794.518225,1434.061872,227.191364,0.014346
Analog-minimos-cuadrados,chilpancingo,2024,178.866009,322.494329,0.231848,444.378801,589.844851,0.661658,1216.01419,2277.331023,357.732019,0.014118
Analog-minimos-cuadrados,chilpancingo,2025,110.357047,200.628818,0.259145,266.714688,335.396425,0.590639,582.492238,1507.336084,220.714094,0.013935
Analog-minimos-cuadrados,chilpancingo,2026,99.310537,181.905719,0.299953,234.913569,298.564221,0.54096,426.758779,1423.925004,198.621073,0.015124
Analog-minimos-cuadrados,coatzacoalcos,2021,71.633073,130.445633,0.273925,169.114529,217.186852,0.604015,420.261686,1004.92912,143.266146,0.013343
Analog-minimos-cuadrados,coatzacoalcos,2022,70.147012,127.603198,0.290166,168.922558,196.239448,0.561355,386.343588,972.084821,140.294023,0.014026
Analog-minimos-cuadrados,coatzacoalcos,2023,115.059125,207.347165,0.23845,284.214222,348.959415,0.644406,760.571406,1473.821044,230.11825,0.013157
Analog-minimos-cuadrados,coatzacoalcos,2024,208.132445,375.755988,0.233928,511.908983,660.827566,0.6324,1276.285622,2717.306275,416.264889,0.012768
Analog-minimos-cuadrados,coatzacoalcos,2025,151.328694,276.162171,0.261134,361.827725,445.530838,0.546804,706.263469,2113.971722,302.657388,0.01349
Analog-minimos-cuadrados,coatzacoalcos,2026,90.014343,164.677147,0.296139,212.908652,253.694181,0.515537,352.858825,1292.84593,180.028686,0.013261
Analog-minimos-cuadrados,culiacan,2021,41.480706,75.328019,0.256025,100.347475,136.590957,0.676551,262.940658,563.547132,82.961413,0.014934
Analog-minimos-cuadrados,culiacan,2022,50.829442,92.056502,0.257624,124.904481,149.733993,0.655907,294.495057,668.499984,101.658884,0.013689
Analog-minimos-cuadrados,culiacan,2023,87.339783,157.259134,0.217856,217.574979,277.591613,0.701256,595.033518,1103.251285,174.679567,0.012482
Analog-minimos-cuadrados,culiacan,2024,130.689756,235.741215,0.227469,321.187951,438.697862,0.680328,886.307829,1696.212661,261.379513,0.012984
Analog-minimos-cuadrados,culiacan,2025,61.185971,110.442385,0.209881,151.85241,205.021891,0.694635,414.247992,785.232497,122.371942,0.015438
Analog-minimos-cuadrados,culiacan,2026,55.354044,102.123983,0.238183,128.815247,160.795331,0.552966,202.336615,837.606289,110.708087,0.011736
Analog-minimos-cuadrados,durango,2021,41.175775,74.721382,0.257137,99.56379,136.224652,0.685675,262.779803,561.283633,82.351551,0.013251
Analog-minimos-cuadrados,durango,2022,49.471304,89.317433,0.260892,121.935693,148.324849,0.650069,298.983258,642.927981,98.942609,0.013089
Analog-minimos-cuadrados,durango,2023,88.442431,159.026638,0.216306,221.442653,282.558518,0.709589,611.737236,1106.195134,176.884862,0.012677
Analog-minimos-cuadrados,durango,2024,136.644806,246.208432,0.216353,339.00177,470.755476,0.711179,962.645552,1736.654286,273.289611,0.014546
Analog-minimos-cuadrados,durango,2025,62.621939,112.568017,0.214632,156.169009,210.423465,0.708676,436.589193,781.957051,125.243879,0.014551
Analog-minimos-cuadrados,durango,2026,77.272999,140.822934,0.246704,184.825969,222.934258,0.587571,346.392506,1071.193151,154.545999,0.015152
Analog-minimos-cuadrados,fresnillo,2021,49.409355,89.81126,0.270664,117.894177,159.390714,0.657543,313.794382,695.763809,98.81871,0.01216
Analog-minimos-cuadrados,fresnillo,2022,56.301715,101.967828,0.279973,136.664468,162.869672,0.614125,323.221554,758.512559,112.603429,0.01425
Analog-minimos-cuadrados,fresnillo,2023,97.549543,175.305725,0.227291,244.698663,307.540101,0.696461,677.35397,1217.476214,195.099085,0.016462
Analog-minimos-cuadrados,fresnillo,2024,152.671189,274.792618,0.227074,380.960013,520.69164,0.691712,1055.431591,1914.993969,305.342379,0.01843
Analog-minimos-cuadrados,fresnillo,2025,63.790203,114.884251,0.238161,157.377465,215.296597,0.679452,410.562362,821.212178,127.580407,0.017345
Analog-minimos-cuadrados,fresnillo,2026,80.184564,146.250054,0.290019,191.507048,234.650703,0.561441,326.228572,1119.569512,160.369128,0.017768
Analog-minimos-cuadrados,hermosillo,2021,34.749135,62.896596,0.232478,84.660216,118.365324,0.730687,233.142399,462.911949,69.498269,0.017873
Analog-minimos-cuadrados,hermosillo,2022,43.188607,78.141813,0.244879,106.576159,130.522229,0.710279,286.223807,564.750525,86.377214,0.01784
Analog-minimos-cuadrados,hermosillo,2023,69.821269,125.771603,0.219708,172.965191,225.61176,0.714269,479.83855,891.626513,139.642537,0.017756
Analog-minimos-cuadrados,hermosillo,2024,87.942803,159.06499,0.200875,212.656774,342.676931,0.768101,631.435565,1173.548802,175.885605,0.016897
Analog-minimos-cuadrados,hermosillo,2025,40.987718,73.785395,0.2162,101.594915,150.290741,0.733904,299.742482,521.133029,81.975437,0.019126
Analog-minimos-cuadrados,hermosillo,2026,44.64241,82.615017,0.212555,103.714905,127.645147,0.668785,166.147562,671.825579,89.284821,0.017922
Analog-minimos-cuadrados,ixmiquilpan,2021,47.58406,86.427193,0.275328,112.68272,151.149827,0.662865,319.298124,671.044965,95.168121,0.018183
Analog-minimos-cuadrados,ixmiquilpan,2022,54.229163,98.270012,0.282306,131.294715,154.610321,0.618246,314.674379,731.693671,108.458326,0.01777
Analog-minimos-cuadrados,ixmiquilpan,2023,98.609019,177.325047,0.228085,245.664281,307.767326,0.688014,684.378575,1239.103975,197.218037,0.018508
Analog-minimos-cuadrados,ixmiquilpan,2024,154.447454,277.908074,0.229303,386.385488,522.636861,0.685792,1085.376614,1943.472624,308.894907,0.01906
Analog-minimos-cuadrados,ixmiquilpan,2025,61.806122,111.600856,0.242245,150.690474,207.442878,0.645434,377.733327,814.454936,123.612245,0.018378
Analog-minimos-cuadrados,ixmiquilpan,2026,75.71863,138.705499,0.293911,178.273731,220.087969,0.536017,292.781977,1081.634656,151.437259,0.020111
Analog-minimos-cuadrados,mazatlan,2021,42.076946,76.447179,0.260554,101.26173,137.827087,0.663321,263.780718,577.575043,84.153891,0.016628
Analog-minimos-cuadrados,mazatlan,2022,51.754883,93.878972,0.264436,125.791323,150.55526,0.621108,284.129169,695.212796,103.509767,0.017963
Analog-minimos-cuadrados,mazatlan,2023,91.682281,164.815123,0.21584,228.942824,289.379653,0.703881,638.979663,1154.774026,183.364562,0.017605
Analog-minimos-cuadrados,mazatlan,2024,138.136767,249.034764,0.219217,343.055656,467.42137,0.691143,950.386949,1755.483491,276.273533,0.017801
Analog-minimos-cuadrados,mazatlan,2025,65.793,118.657906,0.225198,162.461182,214.447799,0.67968,422.410914,847.344287,131.585999,0.01807
Analog-minimos-cuadrados,mazatlan,2026,80.776576,147.175193,0.245998,191.976348,230.830939,0.575565,351.856996,1121.890281,161.553151,0.015743
Analog-minimos-cuadrados,merida,2021,107.050799,195.553469,0.268586,253.787545,346.365975,0.582725,597.60534,1525.929825,214.101599,0.017798
Analog-minimos-cuadrados,merida,2022,109.86313,200.307803,0.278971,259.770865,332.63976,0.585394,651.625402,1575.604024,219.72626,0.017582
Analog-minimos-cuadrados,merida,2023,215.498347,387.49925,0.228874,535.46094,700.075047,0.659475,1561.820849,2742.192155,430.996693,0.016798
Analog-minimos-cuadrados,merida,2024,240.280704,435.567041,0.228623,587.071194,782.669381,0.634904,1502.455898,3199.71755,480.561407,0.018687
Analog-minimos-cuadrados,merida,2025,272.792613,495.020831,0.239242,662.051153,889.470135,0.57911,1652.087421,3680.175052,545.585227,0.018507
Analog-minimos-cuadrados,merida,2026,227.252655,418.478067,0.27172,529.269526,687.845429,0.502825,923.002943,3394.529793,454.50531,0.020927
Analog-minimos-cuadrados,navojoa,2021,38.638179,70.007785,0.246776,93.566571,129.880007,0.69556,252.914829,518.240954,77.276358,0.018273
Analog-minimos-cuadrados,navojoa,2022,46.59529,84.384663,0.248347,114.666567,138.766709,0.689446,288.53409,613.346674,93.190579,0.017724
Analog-minimos-cuadrados,navojoa,2023,75.511258,136.011674,0.222055,188.170046,241.503222,0.694977,498.60198,958.259954,151.022516,0.018152
Analog-minimos-cuadrados,navojoa,2024,92.265261,166.842379,0.202047,224.599685,356.988166,0.754668,676.717974,1236.274262,184.530521,0.018433
Analog-minimos-cuadrados,navojoa,2025,44.360363,80.004129,0.217917,109.797308,159.868849,0.706621,306.052573,570.156444,88.720726,0.017536
Analog-minimos-cuadrados,navojoa,2026,47.693368,88.079385,0.225753,110.706979,138.28094,0.641243,178.900458,717.864312,95.386735,0.013988
Analog-minimos-cuadrados,nuevo_laredo,2021,35.235913,63.817269,0.260341,85.112409,116.276709,0.68233,238.370292,479.09969,70.471825,0.017893
Analog-minimos-cuadrados,nuevo_laredo,2022,43.340816,78.731524,0.26963,105.024488,126.543148,0.611607,239.632972,585.77431,86.681631,0.01833
Analog-minimos-cuadrados,nuevo_laredo,2023,81.882168,147.092088,0.229515,204.676031,259.495011,0.700685,583.489459,1022.40111,163.764335,0.018001
Analog-minimos-cuadrados,nuevo_laredo,2024,140.414035,253.136522,0.226004,345.663531,473.003284,0.68454,978.226775,1825.200831,280.82807,0.01874
Analog-minimos-cuadrados,nuevo_laredo,2025,58.086745,105.141119,0.235063,142.004578,194.208718,0.634817,353.923262,762.259543,116.173491,0.018544
Analog-minimos-cuadrados,nuevo_laredo,2026,74.089242,135.220903,0.288653,173.946822,209.471969,0.499294,273.66933,1055.212243,148.178483,0.018495
Analog-minimos-cuadrados,obregon,2021,35.811987,64.868316,0.252166,86.970772,120.083526,0.694039,230.573426,477.383742,71.623973,0.017776
Analog-minimos-cuadrados,obregon,2022,44.997053,81.407062,0.242374,111.62059,135.160098,0.702839,293.45245,585.163641,89.994105,0.018214
Analog-minimos-cuadrados,obregon,2023,72.943887,131.461538,0.218247,180.915471,233.470747,0.709018,495.00007,927.167804,145.887774,0.019026
Analog-minimos-cuadrados,obregon,2024,90.154684,163.216633,0.202801,218.491785,348.00292,0.758083,656.882008,1207.540367,180.309368,0.017685
Analog-minimos-cuadrados,obregon,2025,43.224532,77.942698,0.218643,106.712011,156.209123,0.707648,299.156589,557.815267,86.449064,0.019191
Analog-minimos-cuadrados,obregon,2026,46.527217,85.940112,0.225424,108.457928,135.201805,0.631356,173.058963,698.949601,93.054434,0.019887
Analog-minimos-cuadrados,poza_rica,2021,50.81331,92.130647,0.272716,120.726761,158.851725,0.641727,329.131149,709.942551,101.62662,0.018861
Analog-minimos-cuadrados,poza_rica,2022,56.136934,101.803591,0.285679,135.653761,158.631019,0.608402,323.341859,764.290288,112.273867,0.0188
Analog-minimos-cuadrados,poza_rica,2023,100.156321,180.112175,0.232839,248.116707,308.735761,0.679338,702.687573,1278.809821,200.312643,0.01715
Analog-minimos-cuadrados,poza_rica,2024,161.590352,291.337432,0.230596,400.047638,530.536076,0.675774,1117.702085,2060.214724,323.180704,0.018404
Analog-minimos-cuadrados,poza_rica,2025,75.471472,136.631359,0.252278,184.327337,241.127377,0.621005,428.690089,999.539212,150.942944,0.018497
Analog-minimos-cuadrados,poza_rica,2026,75.48277,137.758254,0.287304,179.445703,220.054585,0.560734,299.42693,1065.394219,150.965541,0.016853
Analog-minimos-cuadrados,tampico,2021,38.786261,70.507348,0.268529,91.873378,124.050049,0.65587,253.630582,548.459518,77.572521,0.017424
Analog-minimos-cuadrados,tampico,2022,46.293331,84.059529,0.280678,111.398017,133.988376,0.607143,260.298599,634.483467,92.586661,0.0171
Analog-minimos-cuadrados,tampico,2023,77.746378,139.956959,0.224411,192.780951,245.039234,0.685388,539.181196,991.248964,155.492755,0.015402
Analog-minimos-cuadrados,tampico,2024,136.255634,245.645378,0.233283,336.16915,461.487334,0.67418,932.139019,1747.137742,272.511267,0.017137
Analog-minimos-cuadrados,tampico,2025,56.608539,102.206354,0.249066,138.359549,188.668682,0.649658,348.4286,747.243917,113.217078,0.016001
Analog-minimos-cuadrados,tampico,2026,72.399261,131.966488,0.299294,172.50069,209.36594,0.536723,289.354099,1003.674142,144.798522,0.016522
Analog-minimos-cuadrados,tecamachalco,2021,68.141715,123.663513,0.273655,162.129527,208.848969,0.630018,413.998097,940.90936,136.283431,0.016169
Analog-minimos-cuadrados,tecamachalco,2022,66.391151,120.460575,0.291308,160.154162,186.852849,0.599473,388.694313,908.560533,132.782302,0.018738
Analog-minimos-cuadrados,tecamachalco,2023,111.955839,201.550364,0.234348,278.010406,342.276304,0.66758,766.238633,1424.555593,223.911678,0.018143
Analog-minimos-cuadrados,tecamachalco,2024,195.498086,352.574811,0.228279,483.266359,628.077956,0.655282,1270.796475,2504.554446,390.996172,0.018794
Analog-minimos-cuadrados,tecamachalco,2025,132.576703,241.553059,0.258214,319.278352,393.318081,0.568265,641.615425,1830.631314,265.153407,0.015755
Analog-minimos-cuadrados,tecamachalco,2026,84.266786,153.470961,0.295935,201.152422,244.198833,0.533898,344.163416,1192.61723,168.533573,0.013153
Analog-minimos-cuadrados,tepic_vallarta,2021,47.279704,85.908754,0.273567,112.511441,151.120398,0.651764,301.4966,662.800513,94.559409,0.012628
Analog-minimos-cuadrados,tepic_vallarta,2022,57.333406,104.102019,0.275959,137.748758,164.609681,0.588942,306.111585,794.921364,114.666811,0.01405
Analog-minimos-cuadrados,tepic_vallarta,2023,99.156347,178.31425,0.229883,247.544373,310.22423,0.672717,678.607844,1244.103077,198.312693,0.014124
Analog-minimos-cuadrados,tepic_vallarta,2024,150.97312,272.082435,0.229885,374.826614,504.41009,0.669057,1011.982887,1914.872539,301.94624,0.013601
Analog-minimos-cuadrados,tepic_vallarta,2025,67.86301,122.497184,0.244285,166.803671,221.399405,0.647945,405.509999,882.407995,135.72602,0.013757
Analog-minimos-cuadrados,tepic_vallarta,2026,81.2057,148.173005,0.288685,193.800944,236.056505,0.562147,323.95962,1137.555421,162.4114,0.012906
Analog-minimos-cuadrados,teziutlan,2021,56.324741,102.149471,0.271404,134.426585,175.308644,0.645225,358.978495,780.172435,112.649482,0.014827
Analog-minimos-cuadrados,teziutlan,2022,58.749218,106.451071,0.285953,141.866788,165.835177,0.611149,345.833885,798.452295,117.498435,0.013753
Analog-minimos-cuadrados,teziutlan,2023,103.654518,186.489007,0.231852,257.844461,319.776048,0.676598,723.869473,1319.760829,207.309036,0.013492
Analog-minimos-cuadrados,teziutlan,2024,174.153975,313.615246,0.231659,432.280606,571.25279,0.670993,1180.069206,2217.744211,348.30795,0.012621
Analog-minimos-cuadrados,teziutlan,2025,94.595463,171.798597,0.25483,229.963916,291.054857,0.603881,499.872482,1269.115107,189.190927,0.01254
Analog-minimos-cuadrados,teziutlan,2026,78.837347,143.985875,0.28779,187.557268,229.180283,0.550847,313.216798,1112.799076,157.674694,0.011875
Analog-minimos-cuadrados,veracruz,2021,64.86633,117.828154,0.271881,154.000168,199.223259,0.625456,397.84015,900.763338,129.73266,0.014422
Analog-minimos-cuadrados,veracruz,2022,65.848848,119.638641,0.286719,158.910268,186.752319,0.601076,382.895159,904.718415,131.697696,0.01378
Analog-minimos-cuadrados,veracruz,2023,108.59044,195.472068,0.234949,269.022269,332.03502,0.677283,756.808215,1379.838658,217.18088,0.013032
Analog-minimos-cuadrados,veracruz,2024,192.088121,346.707489,0.232582,473.707869,618.160119,0.655624,1223.563165,2478.489511,384.176242,0.014128
Analog-minimos-cuadrados,veracruz,2025,128.019622,233.214479,0.259115,307.741123,380.287348,0.568493,624.831778,1770.479114,256.039243,0.013522
Analog-minimos-cuadrados,veracruz,2026,81.566348,148.917741,0.280932,192.672807,231.226702,0.528955,323.147284,1163.863332,163.132697,0.012822
Analog-minimos-cuadrados,victoria,2021,38.589882,70.024296,0.266619,92.35486,125.070129,0.657847,246.757416,531.237172,77.179764,0.014848
Analog-minimos-cuadrados,victoria,2022,46.222067,83.963209,0.274234,111.325993,133.992462,0.612981,261.201861,636.931127,92.444133,0.014188
Analog-minimos-cuadrados,victoria,2023,81.832472,147.244055,0.227339,203.601873,258.77235,0.684932,557.269557,1040.095084,163.664944,0.01294
Analog-minimos-cuadrados,victoria,2024,142.299728,256.40744,0.226364,350.482493,479.192324,0.688183,992.451106,1825.560124,284.599456,0.014221
Analog-minimos-cuadrados,victoria,2025,56.93408,102.880979,0.245751,138.923868,190.890138,0.6379,348.532873,753.469178,113.86816,0.01388
Analog-minimos-cuadrados,victoria,2026,74.521107,135.725563,0.299105,177.251913,214.423973,0.507062,281.27525,1035.814175,149.042213,0.010671
Analog-minimos-cuadrados,villahermosa,2021,85.199304,155.95448,0.271536,197.392546,274.429148,0.595499,523.225137,1242.526498,170.398607,0.01162
Analog-minimos-cuadrados,villahermosa,2022,72.960711,132.673192,0.287179,174.982538,207.100539,0.555632,396.633292,1014.785859,145.921422,0.011787
Analog-minimos-cuadrados,villahermosa,2023,117.376621,211.634048,0.237174,289.643798,358.9925,0.647945,779.657925,1513.025643,234.753242,0.013864
Analog-minimos-cuadrados,villahermosa,2024,214.55191,387.501435,0.232483,529.170853,689.845253,0.645264,1350.842932,2770.110906,429.103819,0.013619
Analog-minimos-cuadrados,villahermosa,2025,199.656856,363.164949,0.253787,480.349831,620.802533,0.570205,1163.554176,2731.389286,399.313713,0.013792
Analog-minimos-cuadrados,villahermosa,2026,147.558004,270.274156,0.289626,349.587578,452.97554,0.536017,676.127625,2102.105124,295.116009,0.012706
Analog-minimos-cuadrados,zamora,2021,49.479927,89.950405,0.278204,117.380494,157.785242,0.651612,319.216627,695.124759,98.959854,0.014332
Analog-minimos-cuadrados,zamora,2022,56.992824,103.408469,0.285658,137.323445,162.466654,0.612294,318.567588,779.139548,113.985647,0.013335
Analog-minimos-cuadrados,zamora,2023,99.663276,179.080923,0.231928,248.758935,310.978155,0.677626,683.987995,1250.589039,199.326552,0.013083
Analog-minimos-cuadrados,zamora,2024,155.564716,280.079428,0.231388,387.745001,523.64837,0.672359,1069.88737,1972.351147,311.129431,0.012775
Analog-minimos-cuadrados,zamora,2025,65.525605,118.305592,0.247237,160.909156,217.028899,0.657648,403.956795,852.847815,131.051209,0.012558
Analog-minimos-cuadrados,zamora,2026,81.284118,148.393341,0.304222,192.427127,236.325489,0.548729,330.189156,1145.925696,162.568236,0.015153
