gamma,mean_pinball,crps,reliability,cover90,sharp90,winkler90,mae,pinball95,pinball_diferencia,pinball_error_estandar,pinball_t,pinball_peor_en_dias
0.0,61.194261,114.69518,0.245846,0.81114,614.937096,1160.834633,153.83001,37.040561,0.208161,0.16666,1.249018,0.568681
0.1,61.110642,114.573088,0.247569,0.804139,601.817327,1165.078215,153.50004,37.043849,0.124542,0.132477,0.940104,0.563187
0.2,61.04915,114.492804,0.249227,0.797303,589.032722,1170.089821,153.215034,37.06807,0.06305,0.098702,0.638785,0.552198
0.3,61.008639,114.452658,0.250894,0.790027,576.582374,1175.839841,152.972079,37.113762,0.022539,0.06529,0.345214,0.538462
0.4,60.987894,114.451056,0.252588,0.782651,564.443912,1182.225682,152.767313,37.176122,0.001794,0.032355,0.055434,0.53022
0.5,60.9861,114.486024,0.254253,0.775105,552.611387,1189.236807,152.601704,37.25442,0.0,0.0,,0.0
0.6,61.002444,114.555664,0.255913,0.767532,541.077538,1196.834398,152.47254,37.347333,0.016344,0.031824,0.51357,0.483516
0.7,61.036004,114.658349,0.257641,0.759712,529.830511,1204.990976,152.375965,37.455049,0.049904,0.063181,0.78986,0.497253
0.8,61.085918,114.792957,0.259323,0.751717,518.867419,1213.738073,152.311231,37.577474,0.099818,0.094135,1.060368,0.521978
0.9,61.151625,114.958286,0.26098,0.743562,508.169668,1223.098878,152.275981,37.71556,0.165525,0.124708,1.327302,0.53022
1.0,61.232469,115.152262,0.262644,0.73544,497.737886,1233.033884,152.270618,37.867611,0.246369,0.1549,1.590507,0.549451
