gamma,mean_pinball,crps,reliability,sharp90,cover90,winkler90,mae,pinball95,k_real
0.0,61.1942609293857,114.69517972131352,0.24584620204357044,614.9370956897812,0.8111401098901099,1160.8346333093225,153.83001018558718,37.04056093676108,40.0
0.1,61.11064246869872,114.57308758508498,0.2475689223057644,601.8173273070605,0.8041391941391942,1165.0782149889785,153.50003958157302,37.04384949192396,40.0
0.2,61.04914969380241,114.49280445423075,0.24922734721418932,589.0327216791178,0.7973031135531136,1170.0898213423943,153.2150339941208,37.06806985944022,40.0
0.3,61.00863904387555,114.45265817672339,0.2508942066705224,576.5823744232895,0.7900274725274725,1175.8398410849702,152.97207896579113,37.113761831499,40.0
0.4,60.98789363081346,114.45105638810759,0.25258824946982844,564.4439123194311,0.7826510989010989,1182.2256822673517,152.76731282749586,37.17612223855515,40.0
0.5,60.98610007187329,114.48602403830697,0.25425313283208023,552.6113866834601,0.7751053113553114,1189.2368069156616,152.601703884437,37.25441951234586,40.0
0.6,61.002443944408164,114.55566410298088,0.25591281087333717,541.0775383068687,0.7675320512820513,1196.8343980499612,152.47253957209557,37.347332776275756,40.0
0.7,61.036004191278835,114.65834921462692,0.25764112203585887,529.8305112890997,0.7597115384615385,1204.990975963957,152.37596485716182,37.45504946486824,40.0
0.8,61.085917952158695,114.79295729917253,0.25932292269134377,518.8674194070834,0.751717032967033,1213.7380730195964,152.31123083432888,37.57747449693852,40.0
0.9,61.151625322119365,114.95828616532025,0.26097980528243686,508.1696682814169,0.7435622710622711,1223.0988780501505,152.2759814816885,37.71556028276949,40.0
1.0,61.232469302894096,115.15226157900045,0.2626440620782726,497.73788604033376,0.7354395604395605,1233.0338840862028,152.27061760204643,37.86761112615526,40.0
