window,k,separation,gamma,puntaje,ee
24,10,0.5,0.0,60.351329,2.72866
24,10,0.5,0.1,60.312231,2.729468
24,10,0.5,0.2,60.279313,2.730475
24,10,0.5,0.3,60.252245,2.731662
24,10,0.5,0.4,60.230815,2.733025
24,10,0.5,0.5,60.214613,2.734542
24,10,0.5,0.6,60.203378,2.736193
24,10,0.5,0.7,60.196789,2.737973
24,10,0.5,0.8,60.194706,2.739873
24,10,0.5,0.9,60.19685,2.741881
24,10,0.5,1.0,60.20289,2.743975
24,10,1.0,0.0,60.34356,2.727693
24,10,1.0,0.1,60.304439,2.728528
24,10,1.0,0.2,60.271489,2.729562
24,10,1.0,0.3,60.244394,2.730775
24,10,1.0,0.4,60.222925,2.732161
24,10,1.0,0.5,60.206668,2.7337
24,10,1.0,0.6,60.195383,2.735374
24,10,1.0,0.7,60.188762,2.737177
24,10,1.0,0.8,60.18666,2.739102
24,10,1.0,0.9,60.188774,2.741134
24,10,1.0,1.0,60.194781,2.743252
24,20,0.5,0.0,58.310618,2.647464
24,20,0.5,0.1,58.296549,2.650338
24,20,0.5,0.2,58.288984,2.65338
24,20,0.5,0.3,58.287317,2.656556
24,20,0.5,0.4,58.291529,2.659872
24,20,0.5,0.5,58.301327,2.663309
24,20,0.5,0.6,58.316256,2.666846
24,20,0.5,0.7,58.336114,2.670484
24,20,0.5,0.8,58.36063,2.674195
24,20,0.5,0.9,58.389425,2.677967
24,20,0.5,1.0,58.42225,2.681799
24,20,1.0,0.0,58.340338,2.647325
24,20,1.0,0.1,58.325554,2.650193
24,20,1.0,0.2,58.317334,2.653232
24,20,1.0,0.3,58.31509,2.656412
24,20,1.0,0.4,58.318794,2.659733
24,20,1.0,0.5,58.328153,2.663178
24,20,1.0,0.6,58.342668,2.666727
24,20,1.0,0.7,58.362128,2.670376
24,20,1.0,0.8,58.386278,2.674101
24,20,1.0,0.9,58.414717,2.677888
24,20,1.0,1.0,58.447127,2.681733
24,40,0.5,0.0,57.472909,2.602309
24,40,0.5,0.1,57.468142,2.606371
24,40,0.5,0.2,57.470907,2.610625
24,40,0.5,0.3,57.480912,2.615051
24,40,0.5,0.4,57.497906,2.619643
24,40,0.5,0.5,57.521164,2.624353
24,40,0.5,0.6,57.550281,2.629155
24,40,0.5,0.7,57.5849,2.634052
24,40,0.5,0.8,57.624742,2.639022
24,40,0.5,0.9,57.669551,2.644068
24,40,0.5,1.0,57.719002,2.649166
24,40,1.0,0.0,57.462243,2.601814
24,40,1.0,0.1,57.457644,2.60586
24,40,1.0,0.2,57.46059,2.6101
24,40,1.0,0.3,57.470663,2.61451
24,40,1.0,0.4,57.487807,2.6191
24,40,1.0,0.5,57.51142,2.623819
24,40,1.0,0.6,57.541007,2.628638
24,40,1.0,0.7,57.576171,2.633554
24,40,1.0,0.8,57.616627,2.638547
24,40,1.0,0.9,57.66199,2.643619
24,40,1.0,1.0,57.712086,2.64875
24,100,0.5,0.0,57.127475,2.561671
24,100,0.5,0.1,57.127468,2.56746
24,100,0.5,0.2,57.137981,2.573484
24,100,0.5,0.3,57.157864,2.579676
24,100,0.5,0.4,57.186751,2.586041
24,100,0.5,0.5,57.22423,2.592562
24,100,0.5,0.6,57.269534,2.599196
24,100,0.5,0.7,57.32196,2.605902
24,100,0.5,0.8,57.381242,2.61267
24,100,0.5,0.9,57.44676,2.619481
24,100,0.5,1.0,57.518189,2.626325
24,100,1.0,0.0,57.022851,2.554828
24,100,1.0,0.1,57.025066,2.560857
24,100,1.0,0.2,57.038032,2.567127
24,100,1.0,0.3,57.060574,2.573581
24,100,1.0,0.4,57.092212,2.580208
24,100,1.0,0.5,57.132549,2.586976
24,100,1.0,0.6,57.180648,2.59385
24,100,1.0,0.7,57.235902,2.600785
24,100,1.0,0.8,57.298208,2.607781
24,100,1.0,0.9,57.366716,2.614821
24,100,1.0,1.0,57.441214,2.621887
48,10,0.5,0.0,56.505962,2.392329
48,10,0.5,0.1,56.437709,2.393094
48,10,0.5,0.2,56.384703,2.394241
48,10,0.5,0.3,56.346183,2.395739
48,10,0.5,0.4,56.321376,2.397563
48,10,0.5,0.5,56.309762,2.399707
48,10,0.5,0.6,56.310515,2.402131
48,10,0.5,0.7,56.323059,2.404819
48,10,0.5,0.8,56.346815,2.407757
48,10,0.5,0.9,56.381299,2.410927
48,10,0.5,1.0,56.426198,2.414312
48,10,1.0,0.0,56.605249,2.39229
48,10,1.0,0.1,56.538185,2.393146
48,10,1.0,0.2,56.486433,2.394387
48,10,1.0,0.3,56.449218,2.395987
48,10,1.0,0.4,56.425714,2.397914
48,10,1.0,0.5,56.415423,2.400161
48,10,1.0,0.6,56.417549,2.402691
48,10,1.0,0.7,56.431479,2.405485
48,10,1.0,0.8,56.456622,2.408532
48,10,1.0,0.9,56.492537,2.41181
48,10,1.0,1.0,56.538802,2.415298
48,20,0.5,0.0,54.693557,2.353455
48,20,0.5,0.1,54.659476,2.35624
48,20,0.5,0.2,54.642548,2.359393
48,20,0.5,0.3,54.641891,2.362879
48,20,0.5,0.4,54.657141,2.366705
48,20,0.5,0.5,54.687657,2.370848
48,20,0.5,0.6,54.732442,2.37527
48,20,0.5,0.7,54.790599,2.379934
48,20,0.5,0.8,54.86124,2.384818
48,20,0.5,0.9,54.943918,2.389916
48,20,0.5,1.0,55.037822,2.395202
48,20,1.0,0.0,54.734224,2.345385
48,20,1.0,0.1,54.705095,2.34856
48,20,1.0,0.2,54.693195,2.352093
48,20,1.0,0.3,54.697525,2.355953
48,20,1.0,0.4,54.717639,2.360142
48,20,1.0,0.5,54.752862,2.364635
48,20,1.0,0.6,54.802139,2.369378
48,20,1.0,0.7,54.864736,2.374352
48,20,1.0,0.8,54.939792,2.379533
48,20,1.0,0.9,55.026709,2.384909
48,20,1.0,1.0,55.124744,2.390465
48,40,0.5,0.0,54.200896,2.325969
48,40,0.5,0.1,54.178486,2.330453
48,40,0.5,0.2,54.176859,2.335362
48,40,0.5,0.3,54.195271,2.340664
48,40,0.5,0.4,54.232944,2.346331
48,40,0.5,0.5,54.28882,2.352335
48,40,0.5,0.6,54.361576,2.358634
48,40,0.5,0.7,54.450127,2.3652
48,40,0.5,0.8,54.553755,2.372022
48,40,0.5,0.9,54.671752,2.37908
48,40,0.5,1.0,54.803192,2.386361
48,40,1.0,0.0,54.293312,2.31567
48,40,1.0,0.1,54.281589,2.320951
48,40,1.0,0.2,54.290888,2.326633
48,40,1.0,0.3,54.320215,2.332684
48,40,1.0,0.4,54.368582,2.339072
48,40,1.0,0.5,54.434998,2.345776
48,40,1.0,0.6,54.518291,2.352757
48,40,1.0,0.7,54.617377,2.359985
48,40,1.0,0.8,54.731373,2.367446
48,40,1.0,0.9,54.859666,2.375118
48,40,1.0,1.0,55.00098,2.38297
48,100,0.5,0.0,54.165644,2.283499
48,100,0.5,0.1,54.157249,2.292059
48,100,0.5,0.2,54.179062,2.301115
48,100,0.5,0.3,54.22965,2.31062
48,100,0.5,0.4,54.307569,2.320548
48,100,0.5,0.5,54.411025,2.330822
48,100,0.5,0.6,54.537985,2.341397
48,100,0.5,0.7,54.686669,2.352209
48,100,0.5,0.8,54.855764,2.363248
48,100,0.5,0.9,55.043796,2.374471
48,100,0.5,1.0,55.24912,2.385839
48,100,1.0,0.0,54.684554,2.289733
48,100,1.0,0.1,54.695066,2.299774
48,100,1.0,0.2,54.73639,2.310254
48,100,1.0,0.3,54.807054,2.321145
48,100,1.0,0.4,54.905343,2.332364
48,100,1.0,0.5,55.029265,2.343865
48,100,1.0,0.6,55.176368,2.355589
48,100,1.0,0.7,55.344917,2.367471
48,100,1.0,0.8,55.53371,2.379503
48,100,1.0,0.9,55.741219,2.391687
48,100,1.0,1.0,55.965943,2.403936
72,10,0.5,0.0,55.996424,2.376498
72,10,0.5,0.1,55.921546,2.378884
72,10,0.5,0.2,55.871054,2.381783
72,10,0.5,0.3,55.843867,2.385158
72,10,0.5,0.4,55.83921,2.388975
72,10,0.5,0.5,55.855986,2.393209
72,10,0.5,0.6,55.892673,2.397805
72,10,0.5,0.7,55.948294,2.402707
72,10,0.5,0.8,56.021651,2.407899
72,10,0.5,0.9,56.111947,2.413373
72,10,0.5,1.0,56.218501,2.419105
72,10,1.0,0.0,55.936025,2.373369
72,10,1.0,0.1,55.861456,2.3758
72,10,1.0,0.2,55.811513,2.378746
72,10,1.0,0.3,55.785106,2.382172
72,10,1.0,0.4,55.781331,2.386041
72,10,1.0,0.5,55.799094,2.390325
72,10,1.0,0.6,55.836862,2.394976
72,10,1.0,0.7,55.893683,2.399939
72,10,1.0,0.8,55.968346,2.405192
72,10,1.0,0.9,56.06005,2.41073
72,10,1.0,1.0,56.168054,2.416522
72,20,0.5,0.0,54.255566,2.315434
72,20,0.5,0.1,54.240335,2.321188
72,20,0.5,0.2,54.253349,2.327439
72,20,0.5,0.3,54.29333,2.334131
72,20,0.5,0.4,54.358705,2.341192
72,20,0.5,0.5,54.448106,2.348598
72,20,0.5,0.6,54.560109,2.356301
72,20,0.5,0.7,54.693243,2.36427
72,20,0.5,0.8,54.84624,2.372478
72,20,0.5,0.9,55.01789,2.380888
72,20,0.5,1.0,55.206654,2.389493
72,20,1.0,0.0,54.235937,2.315121
72,20,1.0,0.1,54.221012,2.320872
72,20,1.0,0.2,54.234539,2.327114
72,20,1.0,0.3,54.275223,2.333791
72,20,1.0,0.4,54.341619,2.340839
72,20,1.0,0.5,54.432176,2.348225
72,20,1.0,0.6,54.545443,2.355905
72,20,1.0,0.7,54.680066,2.363854
72,20,1.0,0.8,54.834853,2.372043
72,20,1.0,0.9,55.008382,2.380434
72,20,1.0,1.0,55.199246,2.389016
72,40,0.5,0.0,53.944312,2.276049
72,40,0.5,0.1,53.957083,2.28498
72,40,0.5,0.2,54.005503,2.294445
72,40,0.5,0.3,54.087342,2.304369
72,40,0.5,0.4,54.200533,2.314685
72,40,0.5,0.5,54.343006,2.325322
72,40,0.5,0.6,54.512868,2.336242
72,40,0.5,0.7,54.708075,2.347409
72,40,0.5,0.8,54.926614,2.358782
72,40,0.5,0.9,55.166543,2.370304
72,40,0.5,1.0,55.426036,2.381919
72,40,1.0,0.0,53.989447,2.281836
72,40,1.0,0.1,54.007089,2.290842
72,40,1.0,0.2,54.060612,2.300356
72,40,1.0,0.3,54.148166,2.310321
72,40,1.0,0.4,54.2675,2.320666
72,40,1.0,0.5,54.416055,2.331307
72,40,1.0,0.6,54.592127,2.342213
72,40,1.0,0.7,54.793599,2.353352
72,40,1.0,0.8,55.018544,2.364685
72,40,1.0,0.9,55.26507,2.376157
72,40,1.0,1.0,55.531319,2.387721
72,100,0.5,0.0,55.040379,2.271235
72,100,0.5,0.1,55.081642,2.285551
72,100,0.5,0.2,55.174442,2.300424
72,100,0.5,0.3,55.315197,2.315736
72,100,0.5,0.4,55.499721,2.331335
72,100,0.5,0.5,55.724719,2.347173
72,100,0.5,0.6,55.986548,2.363169
72,100,0.5,0.7,56.281198,2.379227
72,100,0.5,0.8,56.605901,2.3953
72,100,0.5,0.9,56.957077,2.411283
72,100,0.5,1.0,57.331818,2.427156
72,100,1.0,0.0,55.217907,2.284253
72,100,1.0,0.1,55.283903,2.298987
72,100,1.0,0.2,55.402747,2.314233
72,100,1.0,0.3,55.570059,2.329862
72,100,1.0,0.4,55.781446,2.345734
72,100,1.0,0.5,56.033915,2.361787
72,100,1.0,0.6,56.323232,2.377964
72,100,1.0,0.7,56.645215,2.394142
72,100,1.0,0.8,56.99622,2.410283
72,100,1.0,0.9,57.373186,2.426329
72,100,1.0,1.0,57.772806,2.44222
168,10,0.5,0.0,55.539268,2.215652
168,10,0.5,0.1,55.537345,2.228588
168,10,0.5,0.2,55.601595,2.242558
168,10,0.5,0.3,55.726325,2.257406
168,10,0.5,0.4,55.906815,2.27303
168,10,0.5,0.5,56.138696,2.289302
168,10,0.5,0.6,56.417164,2.306089
168,10,0.5,0.7,56.738333,2.323262
168,10,0.5,0.8,57.097702,2.340733
168,10,0.5,0.9,57.49071,2.358413
168,10,0.5,1.0,57.914065,2.376232
168,10,1.0,0.0,55.710097,2.217572
168,10,1.0,0.1,55.711301,2.23108
168,10,1.0,0.2,55.779046,2.245604
168,10,1.0,0.3,55.907503,2.260999
168,10,1.0,0.4,56.091854,2.27716
168,10,1.0,0.5,56.327724,2.293956
168,10,1.0,0.6,56.610158,2.311226
168,10,1.0,0.7,56.935084,2.328843
168,10,1.0,0.8,57.297874,2.346712
168,10,1.0,0.9,57.694141,2.364754
168,10,1.0,1.0,58.120854,2.382898
168,20,0.5,0.0,54.814497,2.183779
168,20,0.5,0.1,54.903335,2.203848
168,20,0.5,0.2,55.066465,2.224699
168,20,0.5,0.3,55.297823,2.246162
168,20,0.5,0.4,55.591438,2.268055
168,20,0.5,0.5,55.941736,2.290256
168,20,0.5,0.6,56.342686,2.312603
168,20,0.5,0.7,56.788924,2.335001
168,20,0.5,0.8,57.275672,2.357376
168,20,0.5,0.9,57.797137,2.379626
168,20,0.5,1.0,58.349378,2.401717
168,20,1.0,0.0,54.964843,2.180827
168,20,1.0,0.1,55.059768,2.20143
168,20,1.0,0.2,55.229726,2.222824
168,20,1.0,0.3,55.4687,2.244853
168,20,1.0,0.4,55.77024,2.267333
168,20,1.0,0.5,56.128445,2.290106
168,20,1.0,0.6,56.537681,2.313006
168,20,1.0,0.7,56.992232,2.335932
168,20,1.0,0.8,57.487056,2.35879
168,20,1.0,0.9,58.016688,2.381484
168,20,1.0,1.0,58.576887,2.403971
168,40,0.5,0.0,55.579537,2.204658
168,40,0.5,0.1,55.735081,2.2309
168,40,0.5,0.2,55.981029,2.257742
168,40,0.5,0.3,56.308047,2.28493
168,40,0.5,0.4,56.708068,2.312198
168,40,0.5,0.5,57.172732,2.339419
168,40,0.5,0.6,57.694187,2.366441
168,40,0.5,0.7,58.265521,2.393124
168,40,0.5,0.8,58.879211,2.419362
168,40,0.5,0.9,59.528657,2.445079
168,40,0.5,1.0,60.208187,2.470224
168,40,1.0,0.0,55.924951,2.217693
168,40,1.0,0.1,56.095257,2.24474
168,40,1.0,0.2,56.357951,2.272269
168,40,1.0,0.3,56.70368,2.300063
168,40,1.0,0.4,57.12432,2.327874
168,40,1.0,0.5,57.611165,2.355531
168,40,1.0,0.6,58.155915,2.382891
168,40,1.0,0.7,58.750283,2.409819
168,40,1.0,0.8,59.387068,2.436211
168,40,1.0,0.9,60.058788,2.461975
168,40,1.0,1.0,60.759264,2.487099
168,100,0.5,0.0,59.759306,2.354996
168,100,0.5,0.1,59.942577,2.389939
168,100,0.5,0.2,60.269433,2.424528
168,100,0.5,0.3,60.719115,2.45835
168,100,0.5,0.4,61.273253,2.491251
168,100,0.5,0.5,61.914368,2.52291
168,100,0.5,0.6,62.627541,2.55334
168,100,0.5,0.7,63.397049,2.582405
168,100,0.5,0.8,64.208861,2.610119
168,100,0.5,0.9,65.051703,2.636445
168,100,0.5,1.0,65.91473,2.661381
168,100,1.0,0.0,59.874221,2.355922
168,100,1.0,0.1,59.999631,2.389539
168,100,1.0,0.2,60.292314,2.422671
168,100,1.0,0.3,60.725773,2.454857
168,100,1.0,0.4,61.276459,2.486032
168,100,1.0,0.5,61.919491,2.515977
168,100,1.0,0.6,62.636237,2.544767
168,100,1.0,0.7,63.409452,2.572298
168,100,1.0,0.8,64.221989,2.598528
168,100,1.0,0.9,65.062603,2.623565
168,100,1.0,1.0,65.921287,2.647464
