window,k,separation,n_origins,crps,reliability,sharp80,sharp95,cover80,cover95,winkler95,mae,rmse,pinball95,hit_0.05,hit_0.1,hit_0.15,hit_0.2,hit_0.25,hit_0.3,hit_0.35,hit_0.4,hit_0.45,hit_0.5,hit_0.55,hit_0.6,hit_0.65,hit_0.7,hit_0.75,hit_0.8,hit_0.85,hit_0.9,hit_0.95,time_s,k_real
24,10,0.5,30,65.83856208834183,0.2704678362573099,434.7533549422395,579.8061153779573,0.575,0.6847222222222221,1147.9959141422396,170.876636377696,248.97597299998432,34.98327807558923,0.24444444444444444,0.31944444444444436,0.3930555555555556,0.448611111111111,0.486111111111111,0.5083333333333333,0.5513888888888889,0.5819444444444444,0.6138888888888889,0.6541666666666668,0.6847222222222222,0.7236111111111113,0.7472222222222222,0.7736111111111111,0.7916666666666665,0.826388888888889,0.8638888888888888,0.8944444444444445,0.9291666666666667,0.003179462750752767,10.0
24,10,1.0,30,66.370777801284,0.270687134502924,441.0804401285285,588.94824937541,0.575,0.6833333333333332,1159.0981742018448,172.52762841329792,250.280658974959,35.44797967257549,0.24583333333333332,0.31944444444444436,0.3930555555555556,0.448611111111111,0.486111111111111,0.5083333333333333,0.5513888888888889,0.5833333333333333,0.6152777777777777,0.6541666666666668,0.6847222222222222,0.7236111111111113,0.7472222222222222,0.7736111111111111,0.7916666666666665,0.826388888888889,0.8638888888888888,0.8944444444444445,0.9291666666666667,0.0030829985936482746,10.0
24,20,0.5,30,63.673262320210156,0.26302631578947366,480.92152687417104,631.6218777529907,0.6236111111111111,0.7374999999999999,1096.668258152493,167.2304028977981,242.0025839214531,35.70176447149164,0.19166666666666668,0.27361111111111114,0.34166666666666656,0.4041666666666666,0.4527777777777777,0.48333333333333334,0.5444444444444445,0.5833333333333335,0.6194444444444444,0.6486111111111111,0.6861111111111112,0.7208333333333334,0.7638888888888888,0.7902777777777777,0.8166666666666667,0.8305555555555556,0.8597222222222222,0.8972222222222223,0.9291666666666667,0.0035791714986165364,20.0
24,20,1.0,30,63.60138802562202,0.26387426900584793,479.4599182641975,631.0213649055445,0.625,0.7374999999999999,1096.067745305047,166.76050792621592,240.76177663725517,35.82142571602035,0.19166666666666668,0.27222222222222225,0.34583333333333327,0.40555555555555556,0.4527777777777778,0.4875,0.5513888888888889,0.5875,0.6194444444444444,0.6500000000000001,0.6861111111111112,0.7208333333333334,0.7638888888888888,0.7916666666666666,0.8166666666666667,0.8305555555555556,0.8597222222222222,0.8972222222222223,0.9291666666666667,0.0035320520401000977,20.0
24,40,0.5,30,60.31116856902151,0.25165204678362574,504.6508631317457,689.9315089529011,0.6624999999999999,0.7611111111111111,1095.3406624747254,154.98258954286362,220.8990027458421,35.100680446668676,0.17361111111111113,0.24722222222222223,0.3027777777777777,0.3736111111111111,0.4305555555555555,0.475,0.5166666666666667,0.5625,0.6263888888888888,0.6638888888888889,0.6861111111111111,0.7166666666666667,0.7569444444444444,0.7999999999999999,0.8249999999999998,0.8541666666666667,0.8819444444444444,0.9097222222222221,0.9347222222222221,0.004720020294189453,40.0
24,40,1.0,30,60.123678943044645,0.2521052631578948,507.48865708366714,694.5121797684005,0.6666666666666665,0.7666666666666665,1092.386433562948,154.67390328185166,219.46498071065793,35.10573567893591,0.16805555555555557,0.2416666666666667,0.29305555555555546,0.3722222222222223,0.42916666666666675,0.47916666666666663,0.5222222222222221,0.5625,0.6249999999999999,0.6583333333333333,0.6888888888888889,0.7166666666666667,0.7597222222222222,0.7944444444444444,0.8180555555555554,0.8527777777777779,0.8777777777777777,0.9083333333333332,0.9347222222222221,0.004694016774495443,40.0
24,100,0.5,30,60.13094442216475,0.2496345029239766,517.6245400787624,729.6554185699327,0.6708333333333332,0.7972222222222223,1068.0654183849012,153.11898124579199,215.87808370583687,34.937223357532986,0.1513888888888889,0.2388888888888889,0.3069444444444444,0.3722222222222222,0.4416666666666667,0.48194444444444434,0.5263888888888889,0.576388888888889,0.6111111111111112,0.6569444444444446,0.7013888888888888,0.726388888888889,0.7583333333333332,0.8,0.8444444444444446,0.8694444444444446,0.8958333333333333,0.909722222222222,0.9486111111111112,0.01108537515004476,100.0
24,100,1.0,30,59.40206605889677,0.2464766081871345,521.7175663292554,737.4388612763928,0.6791666666666665,0.798611111111111,1060.4777428957484,151.08359452319704,213.17769266291273,34.71095595292595,0.14861111111111114,0.2277777777777778,0.3,0.36111111111111105,0.43888888888888894,0.47916666666666663,0.5222222222222221,0.5736111111111111,0.6069444444444445,0.6597222222222221,0.7027777777777777,0.7333333333333333,0.7583333333333332,0.7916666666666665,0.8444444444444446,0.8694444444444446,0.8958333333333333,0.9069444444444444,0.9472222222222223,0.011291440327962239,100.0
48,10,0.5,30,55.90165202935787,0.24298245614035088,391.4905301979187,520.6875622355462,0.6055555555555557,0.7166666666666669,988.948037915991,140.4196576776216,213.90841254655143,31.75231448446619,0.20833333333333334,0.29305555555555546,0.36249999999999993,0.4125,0.4638888888888889,0.5069444444444444,0.5416666666666667,0.575,0.6152777777777778,0.6597222222222222,0.6958333333333333,0.7208333333333333,0.7597222222222222,0.7944444444444445,0.8138888888888889,0.8458333333333333,0.8680555555555556,0.8986111111111111,0.9250000000000002,0.0057261943817138675,10.0
48,10,1.0,30,54.93531396308295,0.23691520467836255,393.80963576982356,522.5115386901101,0.6125,0.7208333333333334,988.2203495867753,138.87257520565225,212.00424965030592,31.636023137914766,0.20972222222222223,0.29305555555555546,0.36388888888888893,0.41250000000000003,0.46111111111111114,0.5180555555555555,0.5527777777777778,0.5847222222222223,0.6263888888888888,0.663888888888889,0.7027777777777777,0.7277777777777777,0.7625,0.798611111111111,0.8208333333333333,0.8555555555555556,0.875,0.9055555555555556,0.9305555555555557,0.005786403020222982,10.0
48,20,0.5,30,53.2008900362164,0.23431286549707603,418.3656157615963,558.3359932947127,0.6722222222222222,0.7666666666666667,956.8503503246314,136.0756636689268,198.16083056363718,30.611816264483046,0.16250000000000006,0.225,0.2916666666666667,0.375,0.425,0.48194444444444445,0.5388888888888891,0.5819444444444444,0.6250000000000001,0.6680555555555556,0.7,0.7347222222222222,0.7611111111111111,0.7916666666666665,0.8249999999999998,0.8555555555555555,0.8791666666666667,0.8972222222222223,0.9291666666666668,0.0062720934549967446,20.0
48,20,1.0,30,53.32512872432412,0.2352631578947368,416.423492595188,553.723896670419,0.6569444444444446,0.7611111111111112,945.432828233121,136.0722008706294,196.9943071204815,30.812584828664736,0.1680555555555556,0.24027777777777776,0.3041666666666666,0.38333333333333325,0.43888888888888883,0.4944444444444444,0.5527777777777778,0.5861111111111111,0.6194444444444446,0.6694444444444444,0.7,0.7319444444444444,0.7611111111111111,0.7930555555555554,0.8222222222222222,0.8569444444444445,0.8791666666666667,0.8972222222222223,0.9291666666666668,0.00635990301767985,20.0
48,40,0.5,30,52.750809714057716,0.24353801169590641,423.56094807026153,580.5951146189578,0.6916666666666664,0.7930555555555555,893.1322487114711,135.81826265600748,195.46227866834607,29.4988035794018,0.14583333333333334,0.22222222222222227,0.3069444444444444,0.38333333333333325,0.44999999999999996,0.49861111111111106,0.5444444444444444,0.5944444444444444,0.6319444444444445,0.6777777777777777,0.7194444444444444,0.736111111111111,0.7666666666666665,0.8013888888888889,0.8416666666666665,0.8652777777777777,0.8805555555555556,0.913888888888889,0.9388888888888888,0.012758461634318034,40.0
48,40,1.0,30,52.24003609268209,0.23856725146198834,431.73665309059413,589.4025456008162,0.7041666666666667,0.797222222222222,892.3328950882094,134.2674809094571,193.3273891532788,30.54730020992769,0.1361111111111111,0.20972222222222225,0.2875,0.3652777777777778,0.43888888888888883,0.5069444444444443,0.5541666666666667,0.5958333333333332,0.6347222222222222,0.673611111111111,0.7194444444444444,0.7402777777777777,0.7652777777777776,0.7999999999999999,0.8374999999999999,0.8638888888888888,0.8819444444444444,0.9138888888888891,0.9333333333333333,0.007791574796040853,40.0
48,100,0.5,30,52.65371128953138,0.2367251461988304,439.4715858110058,619.999804636159,0.7055555555555556,0.8138888888888889,885.5888116953388,137.11599236885084,195.78376173901637,29.83661799213237,0.12916666666666668,0.2111111111111111,0.2875,0.35694444444444445,0.41111111111111115,0.4777777777777778,0.5152777777777777,0.5680555555555556,0.6083333333333333,0.6472222222222223,0.6930555555555556,0.7305555555555555,0.7666666666666667,0.7944444444444443,0.8194444444444445,0.8638888888888888,0.8902777777777777,0.9166666666666666,0.9430555555555554,0.016072662671407063,100.0
48,100,1.0,30,52.882948133570224,0.23501461988304093,450.8495381986977,641.8591108054754,0.7208333333333334,0.8263888888888888,898.5044878213007,137.60349556794012,196.42923775790103,30.61211029261345,0.11388888888888889,0.19722222222222224,0.2722222222222222,0.3458333333333333,0.4083333333333333,0.46249999999999997,0.525,0.5611111111111111,0.6097222222222223,0.6541666666666667,0.6944444444444444,0.726388888888889,0.7611111111111111,0.7944444444444445,0.8263888888888887,0.847222222222222,0.8847222222222223,0.9180555555555556,0.9402777777777778,0.017577036221822103,100.0
168,10,0.5,30,52.87152574740136,0.24982456140350878,288.177058813337,379.9280500208733,0.5027777777777778,0.6194444444444444,1102.3555704209155,130.4739413321525,192.81379959503718,33.16124453130273,0.2791666666666667,0.35833333333333334,0.4083333333333333,0.4388888888888889,0.47083333333333327,0.5152777777777777,0.55,0.5791666666666665,0.6041666666666666,0.6430555555555555,0.6694444444444444,0.6958333333333334,0.7277777777777777,0.7597222222222222,0.788888888888889,0.8222222222222222,0.8402777777777778,0.861111111111111,0.8986111111111109,0.013341665267944336,10.0
168,10,1.0,30,53.331899988865096,0.250219298245614,289.43639497155266,382.85588994381175,0.5152777777777777,0.6208333333333333,1112.129663848625,131.46436180279994,194.71961736284612,33.187824177984886,0.275,0.3444444444444445,0.4,0.43749999999999994,0.4708333333333333,0.5138888888888888,0.5513888888888889,0.5805555555555556,0.6041666666666666,0.6402777777777778,0.6680555555555556,0.6972222222222223,0.7333333333333335,0.7625,0.7916666666666666,0.8194444444444444,0.8388888888888889,0.8597222222222222,0.8958333333333334,0.013393775622049967,10.0
168,20,0.5,30,50.71535567292137,0.24318713450292398,298.11441913691283,399.76571724168923,0.5874999999999999,0.7083333333333334,986.1199678817701,128.4103169143713,189.6456152479265,32.32010390035072,0.2097222222222222,0.30416666666666664,0.3805555555555556,0.4305555555555556,0.4708333333333333,0.5125,0.5472222222222223,0.5819444444444445,0.6180555555555556,0.6472222222222221,0.6680555555555556,0.6944444444444444,0.7263888888888889,0.7486111111111112,0.784722222222222,0.8180555555555554,0.847222222222222,0.8916666666666667,0.9180555555555556,0.014248299598693847,20.0
168,20,1.0,30,50.85678408992213,0.24288011695906433,307.67990630475896,409.2624941167532,0.5916666666666667,0.7097222222222221,999.9135862339512,127.60494685810743,187.36587042643052,32.51839846120589,0.2138888888888889,0.2986111111111111,0.37083333333333335,0.42083333333333334,0.4625,0.5055555555555555,0.5416666666666666,0.5805555555555555,0.611111111111111,0.6333333333333333,0.6611111111111112,0.6944444444444444,0.7236111111111112,0.7486111111111112,0.7819444444444443,0.8166666666666667,0.8444444444444443,0.8902777777777776,0.923611111111111,0.015565896034240722,20.0
168,40,0.5,30,50.82778915016697,0.24039473684210527,304.88495798697784,421.70549996354646,0.611111111111111,0.7541666666666667,946.1215380044409,128.53047398807837,190.26997337237145,31.985306585415394,0.1847222222222222,0.2930555555555555,0.3847222222222222,0.4333333333333334,0.475,0.5000000000000001,0.5375,0.5680555555555554,0.6069444444444444,0.6458333333333334,0.6791666666666667,0.7069444444444445,0.7388888888888889,0.7708333333333334,0.798611111111111,0.8277777777777776,0.8597222222222222,0.9041666666666667,0.9388888888888889,0.01648578643798828,40.0
168,40,1.0,30,51.04079464624143,0.23812865497076025,305.1288643557391,423.92699237072037,0.6222222222222222,0.7458333333333335,945.812595460585,129.4546021391184,190.05977231790672,31.538184480576582,0.1958333333333333,0.29444444444444445,0.37916666666666665,0.4277777777777778,0.4708333333333334,0.5055555555555556,0.538888888888889,0.5791666666666665,0.6055555555555555,0.6444444444444444,0.6763888888888889,0.6958333333333333,0.736111111111111,0.7680555555555555,0.8027777777777777,0.8305555555555555,0.8624999999999999,0.9166666666666666,0.9416666666666667,0.01955392360687256,40.0
168,100,0.5,30,53.74080420359189,0.24799707602339183,283.8612835400883,409.7555839839404,0.576388888888889,0.7513888888888888,993.1648570572183,135.39602408893228,200.5749908163803,34.75239996693753,0.17777777777777776,0.3152777777777778,0.38888888888888895,0.4305555555555555,0.4722222222222222,0.5013888888888889,0.5277777777777778,0.5583333333333333,0.586111111111111,0.625,0.6472222222222223,0.6874999999999999,0.7083333333333334,0.7472222222222221,0.7916666666666666,0.8208333333333333,0.8666666666666666,0.8916666666666667,0.9291666666666667,0.05130074024200439,100.0
168,100,1.0,30,52.93664182503498,0.24419590643274852,289.2693083573657,417.5546212658533,0.5916666666666667,0.7569444444444446,957.5964513878928,134.5139055773126,197.35450564933598,32.880592127092775,0.17916666666666664,0.31388888888888894,0.3833333333333334,0.4388888888888889,0.4777777777777778,0.5166666666666667,0.5416666666666666,0.5847222222222223,0.6125,0.6402777777777778,0.6708333333333332,0.701388888888889,0.7319444444444444,0.7652777777777778,0.7958333333333333,0.8472222222222221,0.8777777777777778,0.9055555555555556,0.9361111111111112,0.24769020875295003,77.63333333333334
