zona,grupo,representante,en_el_panel,nivel,volatilidad,spike_rate,negative_rate,congestion_share,autocorrelacion_24
matamoros,1,nuevo_laredo,False,564.665,199.0034,0.107,0.0,0.2198,0.7601
monclova,1,nuevo_laredo,False,609.645,205.1618,0.1006,0.0001,0.1949,0.7639
montemorelos,1,nuevo_laredo,False,655.835,202.293,0.088,0.0,0.1663,0.7679
monterrey,1,nuevo_laredo,False,614.44,203.5542,0.1002,0.0,0.1884,0.7655
nuevo_laredo,1,nuevo_laredo,True,611.78,204.3705,0.095,0.0001,0.2014,0.7637
piedras_negras,1,nuevo_laredo,False,601.885,205.6525,0.0984,0.0001,0.2015,0.7633
reynosa,1,nuevo_laredo,False,567.745,198.4622,0.1051,0.0,0.2188,0.7598
sabinas,1,nuevo_laredo,False,605.575,205.2791,0.0982,0.0001,0.1993,0.762
saltillo,1,nuevo_laredo,False,625.635,209.1961,0.103,0.0,0.1837,0.7655
victoria,2,victoria,True,718.94,199.897,0.0571,0.0,0.1225,0.7573
caborca,3,hermosillo,True,417.04,334.749,0.1294,0.0001,0.6762,0.7123
guaymas,3,hermosillo,False,429.36,324.0244,0.1535,0.0,0.6012,0.7518
hermosillo,3,hermosillo,True,423.83,329.5513,0.1455,0.0,0.6239,0.7322
nogales,3,hermosillo,False,412.735,336.6622,0.1301,0.0,0.6761,0.7094
culiacan,4,culiacan,True,688.285,262.9172,0.1297,0.0007,0.1747,0.7912
mazatlan,4,culiacan,True,705.795,248.3019,0.1166,0.0008,0.1655,0.7874
guasave,5,navojoa,False,629.285,274.352,0.1562,0.0006,0.2067,0.794
los_mochis,5,navojoa,False,597.845,277.7533,0.1676,0.0005,0.2222,0.7927
navojoa,5,navojoa,True,588.305,289.7107,0.1738,0.0003,0.2325,0.801
obregon,5,navojoa,True,572.835,296.9621,0.1751,0.0003,0.2434,0.7918
camargo,6,chihuahua,False,662.455,389.479,0.1302,0.0,0.2347,0.7312
casas_grandes,6,chihuahua,False,552.75,372.2884,0.164,0.0,0.2741,0.7597
chihuahua,6,chihuahua,True,572.26,384.0349,0.1481,0.0,0.2657,0.7374
cuauhtemoc,6,chihuahua,False,607.74,385.5932,0.1442,0.0,0.2527,0.7438
juarez,6,chihuahua,False,530.6,380.7397,0.1677,0.0,0.2794,0.7554
durango,7,durango,True,689.415,266.4301,0.1216,0.0,0.1734,0.7832
laguna,7,durango,False,667.48,316.8849,0.1248,0.0,0.2017,0.7551
campeche,8,merida,False,1233.58,615.7421,0.0632,0.0,0.2209,0.6929
cancun,8,merida,False,1272.975,671.1121,0.0907,0.0,0.2618,0.7017
carmen,8,merida,False,1265.505,627.3576,0.0649,0.0,0.2167,0.6909
chetumal,8,merida,False,1250.98,678.5616,0.0666,0.0,0.2253,0.6539
merida,8,merida,True,1254.28,626.3052,0.0628,0.0,0.2239,0.7007
motul_tizimin,8,merida,False,1244.245,627.3396,0.0662,0.0,0.2431,0.7092
riviera_maya,8,merida,False,1367.98,694.3646,0.0724,0.0,0.2875,0.6806
ticul,8,merida,False,1239.2,651.0735,0.066,0.0,0.2275,0.6526
huasteca,9,tampico,False,823.77,214.1919,0.0369,0.0,0.0562,0.7536
huejutla,9,tampico,False,830.31,215.7437,0.0365,0.0,0.0611,0.75
tampico,9,tampico,True,791.405,204.4437,0.037,0.0,0.0645,0.7563
fresnillo,10,fresnillo,True,908.41,239.3747,0.0435,0.0,0.0395,0.767
zacatecas,10,fresnillo,False,898.315,234.5817,0.0398,0.0,0.0348,0.7591
ixmiquilpan,11,ixmiquilpan,True,908.9,217.5561,0.0285,0.0,0.0192,0.7536
san_juan_del_rio,11,ixmiquilpan,False,889.29,217.9064,0.0313,0.0,0.0154,0.752
aguascalientes,12,zamora,False,885.195,229.6334,0.0364,0.0,0.0267,0.7539
apatzingan,12,zamora,False,940.705,236.5804,0.0339,0.0,0.0229,0.7511
celaya,12,zamora,False,876.665,226.6852,0.0361,0.0,0.0091,0.749
cienega,12,zamora,False,905.215,226.543,0.0347,0.0,0.0302,0.7565
colima,12,zamora,False,888.065,217.4451,0.0314,0.0,0.0316,0.7552
guadalajara,12,zamora,False,899.085,225.5289,0.0352,0.0,0.0322,0.758
irapuato,12,zamora,False,894.31,230.2823,0.0363,0.0,0.0151,0.7509
jiquilpan,12,zamora,False,899.59,221.7275,0.0326,0.0,0.0268,0.7545
leon,12,zamora,False,898.075,232.6208,0.0369,0.0,0.017,0.7514
los_altos,12,zamora,False,908.155,232.2048,0.0359,0.0,0.0249,0.7542
manzanillo,12,zamora,False,878.465,214.4548,0.031,0.0,0.0319,0.7554
matehuala,12,zamora,False,893.37,230.5108,0.036,0.0,0.026,0.7563
minas,12,zamora,False,913.22,228.7269,0.034,0.0,0.0341,0.7561
morelia,12,zamora,False,912.415,224.5695,0.0326,0.0,0.0244,0.7538
queretaro,12,zamora,False,880.24,224.3811,0.0353,0.0,0.0096,0.7499
salvatierra,12,zamora,False,900.1,229.2599,0.0356,0.0,0.015,0.7513
san_luis_potosi,12,zamora,False,861.23,220.0717,0.0343,0.0,0.0252,0.7546
uruapan,12,zamora,False,912.78,227.5417,0.0333,0.0,0.0233,0.7523
zacapu,12,zamora,False,907.815,225.4646,0.0329,0.0,0.0233,0.7528
zamora,12,zamora,True,911.365,226.2709,0.033,0.0,0.0246,0.7529
zapotlan,12,zamora,False,900.495,223.31,0.0329,0.0,0.032,0.7558
tepic_vallarta,13,tepic_vallarta,True,905.46,239.6361,0.0402,0.0,0.0554,0.7615
centro_oriente,14,centro_oriente,True,928.345,224.8251,0.0298,0.0,0.0332,0.7551
chontalpa,15,villahermosa,False,1076.17,334.5691,0.0221,0.0,0.1038,0.7199
los_rios,15,villahermosa,False,1102.28,375.6242,0.0248,0.0,0.1109,0.7138
villahermosa,15,villahermosa,True,1078.205,357.9831,0.0242,0.0,0.1096,0.7143
teziutlan,16,teziutlan,True,934.125,226.2306,0.0282,0.0,0.0599,0.7487
xalapa,16,teziutlan,False,950.23,242.3614,0.0288,0.0,0.0654,0.7396
poza_rica,17,poza_rica,True,903.085,217.7395,0.0286,0.0,0.0559,0.7493
centro_sur,18,centro_sur,True,950.79,226.8458,0.0274,0.0,0.0442,0.7498
lazaro_cardenas,18,centro_sur,False,918.22,214.9991,0.025,0.0,0.0403,0.7474
vdm_norte,18,centro_sur,False,957.66,230.2424,0.0272,0.0,0.0514,0.7494
zihuatanejo,18,centro_sur,False,966.24,228.3889,0.026,0.0,0.0449,0.7505
acapulco,19,chilpancingo,False,1013.59,270.5197,0.0295,0.0,0.057,0.7305
chilpancingo,19,chilpancingo,True,1014.74,260.7983,0.0284,0.0,0.0577,0.7349
iguala,19,chilpancingo,False,1006.99,255.7918,0.028,0.0,0.0582,0.7359
coatzacoalcos,20,coatzacoalcos,True,1034.345,263.5256,0.0216,0.0,0.0777,0.732
los_tuxtlas,20,coatzacoalcos,False,1041.46,263.4166,0.0247,0.0,0.0739,0.7392
san_cristobal,20,coatzacoalcos,False,1082.055,274.1588,0.0209,0.0,0.0755,0.732
tapachula,20,coatzacoalcos,False,1062.73,267.033,0.0201,0.0,0.077,0.7319
tehuantepec,20,coatzacoalcos,False,1008.445,256.6562,0.0271,0.0,0.0736,0.7347
tuxtla,20,coatzacoalcos,False,1046.06,265.3273,0.0208,0.0,0.0793,0.7319
cordoba,21,tecamachalco,False,988.675,259.1989,0.0281,0.0,0.075,0.7369
cuautla,21,tecamachalco,False,990.24,242.629,0.0271,0.0,0.0616,0.7439
cuernavaca,21,tecamachalco,False,985.115,243.0268,0.0271,0.0,0.0612,0.7412
huajuapan,21,tecamachalco,False,1054.37,264.4545,0.0268,0.0,0.0678,0.7427
huatulco,21,tecamachalco,False,1115.455,278.9399,0.0281,0.0,0.0604,0.7421
izucar,21,tecamachalco,False,1023.04,257.3058,0.0267,0.0,0.0695,0.7401
morelos,21,tecamachalco,False,984.3,241.6526,0.027,0.0,0.0615,0.7423
oaxaca,21,tecamachalco,False,1033.12,261.7235,0.0261,0.0,0.0705,0.7404
orizaba,21,tecamachalco,False,992.97,252.2804,0.0269,0.0,0.073,0.7389
puebla,21,tecamachalco,False,989.455,251.2313,0.0266,0.0,0.072,0.7373
san_martin,21,tecamachalco,False,986.32,253.7274,0.0269,0.0,0.0742,0.7342
tecamachalco,21,tecamachalco,True,991.66,246.4887,0.0266,0.0,0.0686,0.7422
tehuacan,21,tecamachalco,False,1021.5,256.4851,0.0263,0.0,0.0699,0.7409
tlaxcala,21,tecamachalco,False,979.34,244.2065,0.0262,0.0,0.0687,0.7407
vdm_centro,21,tecamachalco,False,973.26,235.1694,0.0266,0.0,0.0571,0.7467
vdm_sur,21,tecamachalco,False,977.66,242.0428,0.0273,0.0,0.0586,0.7389
veracruz,22,veracruz,True,973.7,307.5463,0.0305,0.0,0.0813,0.6971
